model,feature_set,target,prec@0.4,signals@0.4,prec@0.5,signals@0.5,prec@0.7,signals@0.7,class_1_precision,prec@0.6,signals@0.6,class_1_recall,class_1_f1,f1_macro,prec@0.8,signals@0.8,accuracy
LightGBM,D1_core_momentum,mc_rr10m,0.5381,38445,0.6758,7212,0.8815,692.0,0.4699,0.7855,1893,0.5015,0.4852,0.3923062312844747,0.9495,198,0.4487684053884712
XGBoost,D1_core_momentum,mc_rr10m,0.538,38762,0.6564,8016,0.8759,693.0,0.4707,0.7753,2043,0.4988,0.4843,0.3923843027428035,0.9585,193,0.4512306156015037
XGBoost,D_all,mc_rr10m,0.5572,38658,0.6848,9816,0.8687,1782.0,0.4883,0.782,3798,0.4755,0.4818,0.4018591670743408,0.9329,924,0.4633997102130325
LightGBM,D_clean,mc_rr10m,0.5556,38479,0.6833,9552,0.8652,1632.0,0.4882,0.7951,3558,0.467,0.4774,0.4006522285355098,0.9379,869,0.4583382283834586
LightGBM,D_all,mc_rr10m,0.5558,38387,0.696,9445,0.8651,1660.0,0.4876,0.8077,3485,0.469,0.4781,0.4011306258339608,0.9485,873,0.4598997493734336
XGBoost,D_clean_ext,mc_rr10m,0.5567,38396,0.6804,9870,0.8637,1820.0,0.4885,0.7832,3792,0.4707,0.4794,0.4021368466810641,0.9391,919,0.4616864426691729
XGBoost,D_clean,mc_rr10m,0.5562,38727,0.6797,10027,0.862,1790.0,0.4879,0.7857,3751,0.4727,0.4802,0.4012120857946189,0.9389,900,0.4605507910401002
LightGBM,D_clean_ext,mc_rr10m,0.5569,38168,0.6944,9373,0.8595,1694.0,0.4895,0.7988,3554,0.4659,0.4774,0.4012996992048313,0.9404,822,0.459547305764411
XGBoost,D3_liquidity_context,mc_rr10m,0.5288,38696,0.6345,8066,0.8517,762.0,0.4658,0.7143,2226,0.5067,0.4854,0.3904121073187395,0.9305,187,0.4486998746867168
XGBoost,B_enriched,mc_rr10m,0.5547,37309,0.6754,9824,0.8506,1633.0,0.4841,0.7808,3531,0.4754,0.4797,0.3994612068529053,0.9265,871,0.4608249138471177
LightGBM,F_price_vol_time,mc_rr10m,0.549,36249,0.6754,8873,0.8468,1717.0,0.4789,0.7633,3502,0.4644,0.4715,0.3954096564761571,0.937,746,0.4536683505639097
LightGBM,B_enriched,mc_rr10m,0.5548,36617,0.699,8916,0.8462,1580.0,0.4853,0.7962,3430,0.4684,0.4767,0.4006923282133481,0.9214,802,0.4585193452380952
LightGBM,D3_liquidity_context,mc_rr10m,0.5349,37432,0.6476,7417,0.8443,822.0,0.4663,0.7406,1947,0.5029,0.4839,0.3890134844318039,0.8949,257,0.4438048245614035
XGBoost,F_price_vol_time,mc_rr10m,0.5498,36499,0.6684,9299,0.8259,1838.0,0.4805,0.7481,3739,0.4683,0.4743,0.3964821778224818,0.9326,786,0.4561599310776942
LightGBM,C_price_action,mc_rr10m,0.5384,37799,0.6516,8869,0.8123,1396.0,0.4735,0.7389,3148,0.4698,0.4717,0.3900378149017334,0.9165,623,0.4465215773809524
LightGBM,D2_breakout_structure,mc_rr10m,0.5358,36961,0.6384,8913,0.7894,1605.0,0.4699,0.7117,3462,0.4714,0.4706,0.3865893238716151,0.8949,723,0.4414405153508772
XGBoost,D2_breakout_structure,mc_rr10m,0.5404,36356,0.6372,8850,0.7769,1739.0,0.4723,0.7115,3470,0.4752,0.4737,0.3892686408273882,0.8473,825,0.4460418624686716
XGBoost,C_price_action,mc_rr10m,0.5366,38505,0.643,9227,0.7627,1593.0,0.4729,0.7045,3367,0.4777,0.4753,0.3903345048526455,0.844,705,0.4480096726190476
LightGBM,D_all,mc_1p5,0.3882,42060,0.4905,12882,0.6871,1668.0,0.368,0.599,4534,0.3639,0.3659,0.4934713631618121,0.7795,567,0.5420750026395861
XGBoost,D1_core_momentum,mc_1p5,0.3808,42235,0.4811,12089,0.6864,928.0,0.3563,0.5799,3528,0.375,0.3654,0.4908311672703669,0.8071,197,0.5423149650134859
XGBoost,D_clean,mc_1p5,0.3898,41752,0.4929,12831,0.6864,1671.0,0.3689,0.5855,4550,0.3649,0.3669,0.4939170856586272,0.7641,602,0.5427133025541595
XGBoost,D_all,mc_1p5,0.3897,41850,0.4926,13060,0.6852,1674.0,0.3701,0.5929,4569,0.365,0.3676,0.4946615419118411,0.7607,610,0.5433707994586449
LightGBM,D1_core_momentum,mc_1p5,0.3741,43203,0.4817,12132,0.6833,900.0,0.3529,0.5837,3454,0.3765,0.3643,0.4898954758976512,0.7407,216,0.5408271982953073
LightGBM,B_enriched,mc_1p5,0.3849,41658,0.4897,12747,0.6813,1704.0,0.3657,0.5844,4576,0.3639,0.3648,0.492836895042128,0.7337,627,0.5417342560686484
XGBoost,B_enriched,mc_1p5,0.389,41423,0.4901,13070,0.6802,1723.0,0.3681,0.5868,4649,0.3641,0.3661,0.4939203767880724,0.7673,636,0.5428476814835433
LightGBM,D3_liquidity_context,mc_1p5,0.3706,42569,0.4728,12091,0.6779,1071.0,0.348,0.577,3726,0.3733,0.3602,0.4872941435897049,0.7865,281,0.5395649962085944
XGBoost,D3_liquidity_context,mc_1p5,0.3704,42720,0.4739,12662,0.6773,1097.0,0.3473,0.5788,3955,0.3786,0.3623,0.4881714151449186,0.8144,264,0.5397665646026703
XGBoost,C_price_action,mc_1p5,0.3726,40827,0.4684,12264,0.6768,1287.0,0.3507,0.5644,3857,0.3514,0.351,0.4827322157405314,0.7716,451,0.5346649645335612
XGBoost,D_clean_ext,mc_1p5,0.39,41509,0.4933,12920,0.6759,1700.0,0.3706,0.5891,4568,0.3634,0.367,0.4945849692397904,0.7652,609,0.5436395573174126
LightGBM,D_clean_ext,mc_1p5,0.3887,41726,0.4889,12832,0.6757,1656.0,0.3686,0.5928,4521,0.3636,0.3661,0.4934838359883089,0.7652,575,0.5422429763013159
LightGBM,D_clean,mc_1p5,0.3871,42032,0.4902,12854,0.6741,1669.0,0.3684,0.5884,4546,0.3654,0.3669,0.4941736418695202,0.7554,601,0.5430060566503172
LightGBM,D2_breakout_structure,mc_1p5,0.3735,39877,0.4667,11575,0.6726,1289.0,0.3492,0.5736,3745,0.342,0.3455,0.4807342064553979,0.7922,409,0.5336379255732702
LightGBM,C_price_action,mc_1p5,0.372,41078,0.4637,12303,0.6708,1282.0,0.3494,0.556,3887,0.3498,0.3496,0.4826155788905614,0.7555,454,0.5350105103519768
XGBoost,D2_breakout_structure,mc_1p5,0.3715,39845,0.4708,11789,0.6699,1339.0,0.3503,0.5667,3912,0.3449,0.3476,0.4815921520628541,0.7773,458,0.5344969908718313
XGBoost,A_base,mc_rr10m,0.5094,39530,0.5928,6667,0.6624,311.0,0.4518,0.5816,1410,0.5157,0.4816,0.3794109819448684,0.931,58,0.436594415726817
XGBoost,A_base,mc_1p5,0.3637,41010,0.4532,12170,0.6545,819.0,0.3394,0.55,3538,0.359,0.3489,0.4785622332867752,0.7866,164,0.5321357611126576
LightGBM,A_base,mc_1p5,0.3655,40082,0.4583,11508,0.6497,765.0,0.3398,0.553,3161,0.3531,0.3463,0.4779889385813868,0.6977,172,0.5318142115316319
XGBoost,D1_core_momentum,mc_2p0,0.3313,38796,0.4322,12188,0.6448,1157.0,0.3091,0.5414,3910,0.3691,0.3364,0.4878584092525803,0.777,278,0.5802002246047819
LightGBM,D1_core_momentum,mc_2p0,0.3298,39302,0.4254,12253,0.6427,1139.0,0.3048,0.5281,4003,0.3662,0.3327,0.4856238393087853,0.7639,288,0.5773206761179847
XGBoost,F_price_vol_time,mc_1p5,0.3747,42418,0.461,12201,0.6406,1152.0,0.3531,0.5486,3706,0.3593,0.3562,0.4871839757860234,0.7742,403,0.5388115143545492
XGBoost,D_clean,mc_2p0,0.3439,37852,0.4392,12786,0.6384,1817.0,0.3255,0.5301,4816,0.3558,0.34,0.4914393809544863,0.7233,665,0.5796771066296804
LightGBM,F_price_vol_time,mc_1p5,0.3747,42866,0.4567,12499,0.6368,1170.0,0.351,0.5442,3763,0.3598,0.3553,0.4860042931175347,0.7552,388,0.5371125807473388
XGBoost,D_clean_ext,mc_2p0,0.347,37335,0.4419,12753,0.6321,1862.0,0.3271,0.5333,4915,0.3547,0.3403,0.4922956586199263,0.7294,669,0.5813280477621109
XGBoost,D_all,mc_2p0,0.3452,37853,0.4387,12954,0.6314,1845.0,0.3285,0.5377,4858,0.3562,0.3418,0.4927167059327996,0.7254,670,0.581227263565073
LightGBM,D2_breakout_structure,mc_2p0,0.3237,36467,0.417,11231,0.6286,1384.0,0.3018,0.5107,3987,0.3316,0.316,0.4756336615168372,0.7461,453,0.5687492201222848
LightGBM,B_enriched,mc_2p0,0.3399,37656,0.4388,12906,0.6274,1868.0,0.322,0.5288,4904,0.3537,0.3371,0.4891711159744957,0.7372,662,0.5774886497797146
XGBoost,D2_breakout_structure,mc_2p0,0.3258,36416,0.4162,11510,0.627,1413.0,0.3026,0.5068,4035,0.3338,0.3174,0.4766212339312289,0.7227,512,0.5697426643502299
LightGBM,D_clean,mc_2p0,0.3417,37931,0.4354,13001,0.6235,1859.0,0.3252,0.5341,4915,0.3566,0.3402,0.4911729637798459,0.7334,694,0.5793939510284787
LightGBM,D3_liquidity_context,mc_2p0,0.325,38559,0.4267,11924,0.6199,1268.0,0.3,0.5226,4189,0.3638,0.3289,0.4840723519923697,0.7781,329,0.5776134302141425
LightGBM,A_base,mc_2p0,0.3167,36545,0.4007,11569,0.6189,963.0,0.2925,0.5033,3499,0.3412,0.3149,0.4732900260743902,0.7315,216,0.5686580344202029
LightGBM,C_price_action,mc_2p0,0.323,37811,0.4123,11932,0.6187,1403.0,0.3031,0.5059,4082,0.3417,0.3213,0.4779032219154558,0.7363,474,0.5705489379265332
XGBoost,B_enriched,mc_2p0,0.3399,37349,0.4378,12952,0.6165,1966.0,0.3243,0.5288,5025,0.3544,0.3386,0.4912571770634846,0.7083,713,0.5795859209275985
LightGBM,D_all,mc_2p0,0.3424,38342,0.4402,13033,0.6163,1866.0,0.3232,0.5368,4870,0.3545,0.3382,0.4895735939225045,0.7291,657,0.5774982482746706
LightGBM,D_clean_ext,mc_2p0,0.3417,38306,0.4358,13117,0.6145,1904.0,0.3227,0.5326,5038,0.3564,0.3387,0.4902862497255227,0.7251,673,0.5785444842248736
XGBoost,A_base,mc_2p0,0.3174,36834,0.4089,11600,0.6083,960.0,0.29,0.5076,3623,0.3462,0.3156,0.472655318784724,0.75,224,0.567520612767918
LightGBM,A_base,mc_rr10m,0.5148,36799,0.5771,6494,0.6076,395.0,0.4546,0.551,1481,0.5044,0.4782,0.3800040495358295,0.7571,70,0.434812617481203
XGBoost,C_price_action,mc_2p0,0.3237,37500,0.4131,12162,0.6072,1446.0,0.3032,0.4917,4230,0.3428,0.3218,0.4780506635740504,0.7401,481,0.5713552115028363
XGBoost,D3_liquidity_context,mc_2p0,0.3253,39252,0.4223,12671,0.6,1500.0,0.3008,0.5215,4566,0.3719,0.3326,0.4853383703924542,0.7657,367,0.5783237188408857
LightGBM,F_price_vol_time,mc_2p0,0.3254,39546,0.4102,11865,0.5939,1288.0,0.3045,0.4952,3978,0.3522,0.3266,0.4830691644822735,0.7143,441,0.5741051803077277
XGBoost,F_price_vol_time,mc_2p0,0.328,38761,0.4107,11946,0.5725,1324.0,0.3074,0.4927,3976,0.3509,0.3277,0.4838397860042802,0.7018,456,0.5760632732787498
XGBoost,A_base,bin_fr5m_2p5,0.2867,38714,0.3629,14350,,2.17,0.2013,0.5023,3024,116146.0,0.2363,0.5599878420181693,23.0,833584,0.6699845464231209
XGBoost,A_base,bin_fr5m_2p0,0.3252,38010,0.4087,12200,,2.18,0.2286,0.5616,2427,131008.0,0.2672,0.5590031908972144,23.0,833584,0.6398308745188754
XGBoost,A_base,bin_fr5m_1p5,0.3804,36623,0.473,9961,,2.16,0.2686,0.609,1693,146952.0,0.3125,0.5632430665920334,23.0,833584,0.6155898755075204
XGBoost,A_base,bin_fr5m_1p0,0.4388,32414,0.5496,7291,,2.25,0.3192,0.6679,1060,162537.0,0.3654,0.5644512143490404,23.0,833584,0.5941228415384467
XGBoost,A_base,bin_mfr10m_2p5,0.6508,57405,0.7181,29303,,2.19,0.5233,0.7943,10879,134518.0,0.5841,0.6560855104178545,23.0,833236,0.6623999539079792
XGBoost,A_base,bin_mfr10m_2p0,0.7043,60738,0.7688,29842,,2.22,0.5849,0.8395,10417,141669.0,0.6422,0.6530377109990954,23.0,833236,0.6534552211216685
XGBoost,A_base,bin_mfr10m_1p5,0.7689,65742,0.8209,32149,,2.21,0.6589,0.8721,10736,151568.0,0.7118,0.6456515832386946,23.0,833236,0.6485147326422731
XGBoost,A_base,bin_mfr10m_1p0,0.8293,70563,0.87,33939,,2.22,0.7399,0.9086,10794,159907.0,0.7845,0.6286834837035126,23.0,833236,0.6472568045746331
XGBoost,A_base,bin_break_hod,0.3633,26694,0.4218,21170,,2.3,0.2718,0.4994,15679,39481.0,0.3155,0.6976334199379474,23.0,833584,0.8843141395429197
XGBoost,A_base,bin_first_touch_10m_2p5,0.5029,43492,0.6039,8359,,2.14,0.4053,0.7312,956,149158.0,0.4416,0.5872505091063467,23.0,803695,0.5946867502264876
XGBoost,A_base,bin_first_touch_10m_2p0,0.5437,35596,0.6371,6635,,2.13,0.4354,0.7399,815,158336.0,0.4705,0.5785684456943444,23.0,797654,0.5804879027404406
XGBoost,A_base,bin_first_touch_10m_1p5,0.5813,31179,0.6672,6067,,4.1,0.4647,0.7739,796,167812.0,0.5043,0.5749337718020926,23.0,785381,0.5751543429980236
XGBoost,A_base,bin_first_touch_10m_1p0,0.6231,28607,0.7066,6057,,2.16,0.4934,0.7787,845,167922.0,0.5415,0.5769558197142135,23.0,760476,0.5770823140739338
XGBoost,A_base,bin_tb10m_tp1p5_sl0p5,0.4469,26867,0.5521,7408,,2.1,0.3047,0.6624,1555,153761.0,0.3581,0.5638585611259367,23.0,759715,0.6001664042464678
XGBoost,A_base,bin_tb10m_tp2p0_sl0p7,0.4144,25149,0.5255,5880,,2.2,0.2853,0.6787,1049,158895.0,0.3269,0.5474128363196181,23.0,779298,0.5839882953874586
XGBoost,A_base,bin_tb10m_tp2p5_sl1p0,0.401,25893,0.5126,5318,,2.11,0.2824,0.6428,893,158682.0,0.3172,0.5389044855840919,23.0,792166,0.5693796335575622
XGBoost,A_base,bin_tb10m_tp4p0_sl2p0,0.3294,41392,0.4151,9414,,2.16,0.2524,0.5574,1410,129699.0,0.2833,0.554992353051226,23.0,806939,0.6142039116531568
XGBoost,A_base,bin_tb10m_tp5p0_sl2p5,0.2954,43806,0.3585,13870,,2.28,0.228,0.4787,2484,112666.0,0.2579,0.5643330541752516,23.0,809896,0.6560925490506017
XGBoost,A_base,bin_tb10m_tp6p0_sl3p0,0.2725,43896,0.3282,18640,,2.24,0.2087,0.4452,3475,98972.0,0.2369,0.5691234118681276,23.0,811395,0.687346846202772
XGBoost,A_base,bin_fr10m_1p0,0.4911,27891,0.5979,6399,,2.18,0.3585,0.736,1341,167836.0,0.4069,0.5645824997799689,23.0,817271,0.5844885651629073
XGBoost,A_base,bin_fr10m_1p5,0.4338,30463,0.548,7900,,2.3,0.3098,0.7041,1639,158757.0,0.3565,0.5621550480126462,23.0,817271,0.5972695410401002
XGBoost,A_base,bin_mae10m_lt_0p5,0.4217,55736,0.5322,26139,,2.29,0.3055,0.7339,8761,119456.0,0.355,0.6121504231143351,23.0,817271,0.661845042293233
XGBoost,A_base,bin_mae10m_lt_1p0,0.5779,65299,0.684,33430,,2.21,0.4531,0.8289,12297,129135.0,0.5077,0.6548035799961821,23.0,817271,0.6656338110902256
XGBoost,A_base,bin_opportunity_clean_10m_1p5_0p5,0.2673,44142,0.3554,9434,,2.25,0.1939,0.4796,1076,138151.0,0.2212,0.5167315112555088,23.0,817271,0.5855507910401002
XGBoost,A_base,bin_opportunity_clean_10m_1p0_0p3,0.2446,49056,0.315,15177,,2.24,0.1745,0.4088,2035,127688.0,0.2017,0.5185995300011836,23.0,817271,0.6062079025689223
XGBoost,A_base,bin_rr10m_ge_2,0.5332,27805,0.6027,5027,,2.21,0.3987,0.6963,800,178135.0,0.446,0.5579608135279408,23.0,817271,0.5652265429197995
XGBoost,A_base,bin_rr10m_ge_3,0.4619,28245,0.5353,5087,,2.22,0.3321,0.6172,687,174356.0,0.3785,0.54966577127543,23.0,817271,0.568437695802005
XGBoost,A_base,bin_follow_through_hod_10m_0p5,0.4264,30970,0.4908,24077,,2.28,0.3169,0.5709,17541,47637.0,0.3703,0.7164873197383133,23.0,817271,0.8664826127819549
XGBoost,A_base,bin_follow_through_hod_10m_1p0,0.4112,31269,0.472,24366,,2.27,0.3056,0.5511,17662,48008.0,0.3565,0.7090618941848323,23.0,817271,0.8628406954887218
XGBoost,A_base,bin_mfr10m_1atr,0.7487,32712,0.8218,7743,,2.28,0.6176,0.8896,1304,180697.0,0.6694,0.5726072374960836,23.0,832681,0.5762103574019535
XGBoost,A_base,bin_mfr10m_1p5atr,0.6445,30353,0.7357,7218,,2.23,0.4898,0.8419,1309,170523.0,0.5493,0.5842578513622463,23.0,832681,0.5871692746743794
XGBoost,B_enriched,bin_fr5m_2p5,0.3069,40488,0.3819,16209,,3.44,0.2123,0.5323,4077,109980.0,0.2536,0.5771848913181684,53.0,833584,0.6859708397723236
XGBoost,B_enriched,bin_fr5m_2p0,0.3466,40441,0.4428,13643,,5.54,0.2404,0.5998,3171,124559.0,0.286,0.5779487976465305,53.0,833584,0.6588310952842594
XGBoost,B_enriched,bin_fr5m_1p5,0.4014,38634,0.5114,10746,,3.44,0.2785,0.66,2512,140666.0,0.3274,0.5782886428069365,53.0,833584,0.6312210245433516
XGBoost,B_enriched,bin_fr5m_1p0,0.469,33572,0.5876,8132,,3.43,0.3274,0.7192,1916,156752.0,0.3793,0.57814748371616,53.0,833584,0.607623124694048
XGBoost,B_enriched,bin_mfr10m_2p5,0.6821,60762,0.7593,34009,,3.44,0.5395,0.8429,14892,131634.0,0.6077,0.6785210803878616,53.0,833236,0.6842216450050173
XGBoost,B_enriched,bin_mfr10m_2p0,0.731,64282,0.7996,34846,,3.4,0.5979,0.8775,14238,139735.0,0.6598,0.6721169909072691,53.0,833236,0.6723865584144345
XGBoost,B_enriched,bin_mfr10m_1p5,0.785,69597,0.8448,37391,,3.42,0.6704,0.9021,15384,149317.0,0.7262,0.6640561888394102,53.0,833236,0.6673116348743753
XGBoost,B_enriched,bin_mfr10m_1p0,0.8419,74051,0.886,39552,,3.41,0.7495,0.9331,15869,157062.0,0.7946,0.6435650562880721,53.0,833236,0.6624959789513105
XGBoost,B_enriched,bin_break_hod,0.4259,24799,0.4761,21077,,3.66,0.3455,0.5429,16665,32614.0,0.385,0.7454155181900033,53.0,833584,0.9105468262576428
XGBoost,B_enriched,bin_first_touch_10m_2p5,0.5264,47562,0.6466,10040,,3.26,0.4141,0.7828,2067,145703.0,0.4593,0.605922275545979,53.0,803695,0.6135175764333429
XGBoost,B_enriched,bin_first_touch_10m_2p0,0.5718,37629,0.6869,7752,,3.36,0.4442,0.8103,1824,154110.0,0.4857,0.5950320490975123,53.0,797654,0.5972495285479276
XGBoost,B_enriched,bin_first_touch_10m_1p5,0.6129,31667,0.7105,7510,,3.29,0.4733,0.814,1989,162221.0,0.5174,0.5889093972525572,53.0,785381,0.5892744350944396
XGBoost,B_enriched,bin_first_touch_10m_1p0,0.6431,29576,0.7332,7417,,3.22,0.5017,0.8455,1735,162131.0,0.5544,0.5892546129791861,53.0,760476,0.5895185939217945
XGBoost,B_enriched,bin_tb10m_tp1p5_sl0p5,0.4685,26544,0.5723,8066,,5.17,0.3122,0.6781,2283,148234.0,0.3693,0.5746031148814386,53.0,759715,0.612509807845223
XGBoost,B_enriched,bin_tb10m_tp2p0_sl0p7,0.4389,25843,0.5616,6983,,3.3,0.2924,0.689,1852,152909.0,0.3398,0.5608849853907778,53.0,779298,0.5982597089247671
XGBoost,B_enriched,bin_tb10m_tp2p5_sl1p0,0.4258,28015,0.5551,6729,,3.38,0.2893,0.6865,1662,153112.0,0.3296,0.5531895206712514,53.0,792166,0.58532816192958
XGBoost,B_enriched,bin_tb10m_tp4p0_sl2p0,0.358,44742,0.477,10915,,3.38,0.265,0.6608,2282,124804.0,0.3033,0.5762611936877082,53.0,806939,0.6358047643836295
XGBoost,B_enriched,bin_tb10m_tp5p0_sl2p5,0.3287,46609,0.4115,16995,,3.38,0.2463,0.5954,3539,106688.0,0.2841,0.5901199195104858,53.0,809896,0.678404892217107
XGBoost,B_enriched,bin_tb10m_tp6p0_sl3p0,0.3075,44393,0.3691,22280,,3.45,0.2312,0.5263,5529,90690.0,0.2677,0.5993344571839658,53.0,811395,0.7163579349074791
XGBoost,B_enriched,bin_fr10m_1p0,0.5228,31412,0.6356,9556,,3.4,0.3726,0.7408,2994,158102.0,0.4246,0.5812764702230533,53.0,817271,0.6014792841478697
XGBoost,B_enriched,bin_fr10m_1p5,0.4663,33416,0.5978,10050,,3.29,0.3241,0.7137,3178,147904.0,0.3755,0.5804423457330665,53.0,817271,0.6159735275689223
XGBoost,B_enriched,bin_mae10m_lt_0p5,0.4451,52771,0.5578,26372,,3.62,0.3212,0.74,10102,112656.0,0.3731,0.6292547402348421,53.0,817271,0.6839559837092731
XGBoost,B_enriched,bin_mae10m_lt_1p0,0.6001,63243,0.7024,34646,,3.33,0.4728,0.8433,15131,122689.0,0.5277,0.6706820733285839,53.0,817271,0.6836475955513784
XGBoost,B_enriched,bin_opportunity_clean_10m_1p5_0p5,0.2889,43284,0.3902,11145,,3.41,0.2053,0.5456,1985,127913.0,0.2355,0.5394670209434781,53.0,817271,0.6183721021303258
XGBoost,B_enriched,bin_opportunity_clean_10m_1p0_0p3,0.263,45716,0.348,15709,,4.68,0.1864,0.5041,2831,117358.0,0.2155,0.5407113713798503,53.0,817271,0.6391075344611529
XGBoost,B_enriched,bin_rr10m_ge_2,0.5837,29036,0.7026,8585,,3.33,0.4115,0.7966,3083,167498.0,0.4727,0.5810366899310885,53.0,817271,0.5939311168546366
XGBoost,B_enriched,bin_rr10m_ge_3,0.5112,29119,0.6285,8394,,3.28,0.346,0.7536,2699,162088.0,0.4059,0.5766770645387842,53.0,817271,0.6051163063909775
XGBoost,B_enriched,bin_follow_through_hod_10m_0p5,0.4942,29733,0.5505,24958,,3.56,0.4027,0.62,19671,39589.0,0.4478,0.768477237967162,53.0,817271,0.8976738721804511
XGBoost,B_enriched,bin_follow_through_hod_10m_1p0,0.4819,29760,0.534,24997,,3.49,0.3923,0.5993,19756,39504.0,0.4364,0.7631482509562157,53.0,817271,0.8960731907894737
XGBoost,B_enriched,bin_mfr10m_1atr,0.78,40575,0.8582,15753,,3.59,0.6332,0.9261,6025,172990.0,0.6968,0.5964625601049862,53.0,832681,0.5990746657314032
XGBoost,B_enriched,bin_mfr10m_1p5atr,0.6913,36612,0.7979,15170,,3.38,0.5117,0.8988,5819,160225.0,0.5864,0.6129661480192544,53.0,832681,0.6173267160242336
XGBoost,C_price_action,bin_fr5m_2p5,0.2899,39709,0.3702,14836,,2.73,0.2059,0.5111,3279,111810.0,0.2433,0.5677251084209086,36.0,833584,0.6803701179655031
XGBoost,C_price_action,bin_fr5m_2p0,0.3271,39611,0.4207,12638,,2.67,0.2339,0.5779,2376,126105.0,0.273,0.5655083174111382,36.0,833584,0.648699883858211
XGBoost,C_price_action,bin_fr5m_1p5,0.3815,38108,0.4858,10150,,2.65,0.2731,0.6434,1823,142631.0,0.3172,0.5681071667106237,36.0,833584,0.621243389036599
XGBoost,C_price_action,bin_fr5m_1p0,0.4506,32723,0.5714,7271,,2.6,0.3221,0.7205,1388,159310.0,0.37,0.5689813287373053,36.0,833584,0.5984805582484667
XGBoost,C_price_action,bin_mfr10m_2p5,0.6573,58119,0.7269,30718,,2.63,0.5293,0.8064,11860,130900.0,0.5914,0.6602475034249584,36.0,833236,0.6673452436395412
XGBoost,C_price_action,bin_mfr10m_2p0,0.7104,61333,0.7732,31681,,2.64,0.5899,0.8478,11528,138738.0,0.6493,0.6565470006698477,36.0,833236,0.6572482103332549
XGBoost,C_price_action,bin_mfr10m_1p5,0.7743,66499,0.8267,34066,,2.63,0.6639,0.8808,12203,148318.0,0.7171,0.6485936693297834,36.0,833236,0.6510113837688869
XGBoost,C_price_action,bin_mfr10m_1p0,0.8349,71578,0.8742,36486,,2.71,0.745,0.9192,12542,155967.0,0.789,0.6298718558870456,36.0,833236,0.6468727044013078
XGBoost,C_price_action,bin_break_hod,0.3818,27080,0.4316,22607,,2.76,0.3002,0.5039,17467,36844.0,0.3385,0.7150450626778133,36.0,833584,0.8928376030638396
XGBoost,C_price_action,bin_first_touch_10m_2p5,0.5148,43962,0.632,8999,,2.64,0.4093,0.7659,1687,144946.0,0.4519,0.5976491376513478,36.0,803695,0.6074148555954881
XGBoost,C_price_action,bin_first_touch_10m_2p0,0.5592,35718,0.6742,7518,,2.51,0.4393,0.8046,1566,155146.0,0.4804,0.5888656157358146,36.0,797654,0.5921137102275007
XGBoost,C_price_action,bin_first_touch_10m_1p5,0.6073,31147,0.6988,7483,,2.52,0.4693,0.8018,1821,163277.0,0.514,0.5844126439929851,36.0,785381,0.5851688094704456
XGBoost,C_price_action,bin_first_touch_10m_1p0,0.6459,31655,0.7329,8409,,4.46,0.5014,0.8449,1889,160543.0,0.5541,0.5888667438780955,36.0,760476,0.5891450846708647
XGBoost,C_price_action,bin_tb10m_tp1p5_sl0p5,0.4669,30050,0.5732,9056,,2.64,0.3183,0.6939,2349,142724.0,0.3699,0.5749991368659768,36.0,759715,0.6095872016177021
XGBoost,C_price_action,bin_tb10m_tp2p0_sl0p7,0.437,26623,0.5552,7135,,2.51,0.2926,0.6991,1688,151419.0,0.3399,0.5610829738207792,36.0,779298,0.5989116763777305
XGBoost,C_price_action,bin_tb10m_tp2p5_sl1p0,0.4203,27036,0.5436,6599,,2.72,0.287,0.6729,1544,152922.0,0.3264,0.5509732217771994,36.0,792166,0.5856917762559845
XGBoost,C_price_action,bin_tb10m_tp4p0_sl2p0,0.3397,41741,0.4493,9302,,2.81,0.2567,0.6521,1535,126003.0,0.2905,0.5636294049214076,36.0,806939,0.6256017451228278
XGBoost,C_price_action,bin_tb10m_tp5p0_sl2p5,0.3036,43649,0.3771,14373,,2.66,0.2332,0.5312,2438,109101.0,0.2655,0.5728388769439076,36.0,809896,0.6675031119717058
XGBoost,C_price_action,bin_tb10m_tp6p0_sl3p0,0.2832,42921,0.3401,19826,,2.69,0.2133,0.4782,3915,96287.0,0.246,0.5788532115813106,36.0,811395,0.6997224125944808
XGBoost,C_price_action,bin_fr10m_1p0,0.5083,28267,0.6015,8563,,2.67,0.3614,0.6927,2463,164705.0,0.4135,0.5707046979525062,36.0,817271,0.5927073543233082
XGBoost,C_price_action,bin_fr10m_1p5,0.451,30639,0.5585,9152,,2.64,0.3137,0.6664,2587,153403.0,0.3633,0.5689249643675844,36.0,817271,0.6058799342105263
XGBoost,C_price_action,bin_mae10m_lt_0p5,0.4368,55182,0.5382,27657,,2.86,0.3177,0.7185,9949,113963.0,0.3681,0.6247638593236869,36.0,817271,0.6771175986842105
XGBoost,C_price_action,bin_mae10m_lt_1p0,0.5895,63682,0.6908,34253,,2.79,0.4611,0.8291,14364,125903.0,0.5179,0.6623441510802144,36.0,817271,0.6748707706766918
XGBoost,C_price_action,bin_opportunity_clean_10m_1p5_0p5,0.2852,43883,0.3785,11959,,2.88,0.1992,0.512,2127,132568.0,0.2315,0.5332082327386675,36.0,817271,0.6090764019423559
XGBoost,C_price_action,bin_opportunity_clean_10m_1p0_0p3,0.2639,48144,0.3369,18119,,2.81,0.185,0.4998,3095,117716.0,0.216,0.5411385527591808,36.0,817271,0.6392935463659147
XGBoost,C_price_action,bin_rr10m_ge_2,0.5564,28955,0.6546,8084,,2.67,0.4031,0.737,2996,173926.0,0.4607,0.5707809011379162,36.0,817271,0.5825403352130326
XGBoost,C_price_action,bin_rr10m_ge_3,0.4863,29907,0.5949,7994,,4.68,0.3382,0.6976,2457,167935.0,0.3956,0.5674035106441122,36.0,817271,0.5939213267543859
XGBoost,C_price_action,bin_follow_through_hod_10m_0p5,0.4374,32542,0.4931,26815,,2.93,0.3457,0.5711,20481,45270.0,0.3898,0.7323228292320647,36.0,817271,0.873639176065163
XGBoost,C_price_action,bin_follow_through_hod_10m_1p0,0.4226,32820,0.4789,26884,,2.76,0.3328,0.5505,20386,45783.0,0.3765,0.7251269204234936,36.0,817271,0.8704769736842105
XGBoost,C_price_action,bin_mfr10m_1atr,0.761,36988,0.8246,12730,,2.72,0.6218,0.8781,3602,177455.0,0.6815,0.5800438451776404,36.0,832681,0.582456123493209
XGBoost,C_price_action,bin_mfr10m_1p5atr,0.6557,33573,0.7418,10639,,2.72,0.4954,0.7958,2938,167617.0,0.5624,0.5941559081542305,36.0,832681,0.5978110992067877
XGBoost,D_all,bin_fr5m_2p5,0.3083,41428,0.3826,16651,,4.57,0.212,0.5357,3997,110502.0,0.2536,0.5770203629846922,79.0,833584,0.6847230354280449
XGBoost,D_all,bin_fr5m_2p0,0.3472,40944,0.4428,13746,,5.13,0.24,0.5987,3155,124962.0,0.2864,0.5784154568732224,79.0,833584,0.659277425299713
XGBoost,D_all,bin_fr5m_1p5,0.4005,39217,0.5207,10565,,4.49,0.2791,0.67,2391,140457.0,0.3281,0.5789417039110764,79.0,833584,0.6319985026347869
XGBoost,D_all,bin_fr5m_1p0,0.4678,34085,0.5906,8237,,4.47,0.3292,0.7222,1904,155745.0,0.3801,0.5789431293961296,79.0,833584,0.6084102012804392
XGBoost,D_all,bin_mfr10m_2p5,0.6837,60753,0.7574,34390,,4.74,0.5402,0.8416,15063,131630.0,0.6096,0.6802485994496579,79.0,833236,0.6859164870198148
XGBoost,D_all,bin_mfr10m_2p0,0.7294,65214,0.7984,35495,,4.52,0.5972,0.8785,14608,140827.0,0.6608,0.6739150061627797,79.0,833236,0.6741390154552307
XGBoost,D_all,bin_mfr10m_1p5,0.7879,69810,0.844,38186,,6.93,0.6714,0.9028,15701,148986.0,0.7282,0.6650248889527886,79.0,833236,0.6680702327166925
XGBoost,D_all,bin_mfr10m_1p0,0.8453,75072,0.8883,40702,,4.48,0.7519,0.9364,16096,155876.0,0.7969,0.6463451512941305,79.0,833236,0.665117462634255
XGBoost,D_all,bin_break_hod,0.4247,24940,0.4737,21259,,4.59,0.3456,0.5431,16873,32635.0,0.3835,0.7445981734376312,79.0,833584,0.9099853143027172
XGBoost,D_all,bin_first_touch_10m_2p5,0.5312,47744,0.6506,10130,,4.3,0.4169,0.7959,2117,144671.0,0.4635,0.610043157338211,79.0,803695,0.618385815405139
XGBoost,D_all,bin_first_touch_10m_2p0,0.5759,38518,0.696,8226,,4.32,0.4456,0.8119,2036,154301.0,0.4876,0.5971202766667507,79.0,797654,0.5992657384745015
XGBoost,D_all,bin_first_touch_10m_1p5,0.6153,33651,0.7151,8357,,4.19,0.476,0.8282,2200,160394.0,0.522,0.5933940380433547,79.0,785381,0.593909818863465
XGBoost,D_all,bin_first_touch_10m_1p0,0.6511,32994,0.7473,9129,,4.2,0.5078,0.8541,2139,157393.0,0.5593,0.5944346064409651,79.0,760476,0.5946688130296861
XGBoost,D_all,bin_tb10m_tp1p5_sl0p5,0.4735,30748,0.5828,9695,,4.22,0.3226,0.6955,2762,140424.0,0.3757,0.580546596010121,79.0,759715,0.6149584779277405
XGBoost,D_all,bin_tb10m_tp2p0_sl0p7,0.442,28403,0.5625,7646,,4.24,0.2985,0.7043,2012,148756.0,0.3455,0.5661683356640606,79.0,779298,0.6020380399907596
XGBoost,D_all,bin_tb10m_tp2p5_sl1p0,0.4347,28094,0.5605,6997,,6.98,0.2923,0.7141,1742,150562.0,0.3339,0.5582785173101432,79.0,792166,0.5916661616467689
XGBoost,D_all,bin_tb10m_tp4p0_sl2p0,0.3612,44902,0.4826,10731,,4.28,0.2647,0.6494,2259,125217.0,0.3056,0.578514739521139,79.0,806939,0.6373912396817134
XGBoost,D_all,bin_tb10m_tp5p0_sl2p5,0.3312,46545,0.4122,17018,,4.45,0.2458,0.6067,3440,106825.0,0.2838,0.5898370890824232,79.0,809896,0.6785086246072988
XGBoost,D_all,bin_tb10m_tp6p0_sl3p0,0.3103,44845,0.369,22880,,4.58,0.2324,0.5431,5351,90838.0,0.269,0.6005235097795217,79.0,811395,0.7172848697607226
XGBoost,D_all,bin_fr10m_1p0,0.53,31205,0.6527,9016,,4.48,0.3725,0.7695,2781,159200.0,0.4268,0.5833601016696041,79.0,817271,0.603437304197995
XGBoost,D_all,bin_fr10m_1p5,0.4699,32425,0.6066,9616,,4.35,0.3239,0.7357,2985,148609.0,0.3762,0.5810639392787358,79.0,817271,0.6157189849624061
XGBoost,D_all,bin_mae10m_lt_0p5,0.4476,54399,0.5551,28353,,4.5,0.3284,0.7336,10372,109923.0,0.3797,0.6353924983576585,79.0,817271,0.6895755012531328
XGBoost,D_all,bin_mae10m_lt_1p0,0.6029,63041,0.702,35280,,4.49,0.4755,0.8362,15414,121897.0,0.5317,0.673700966697081,79.0,817271,0.6870545504385965
XGBoost,D_all,bin_opportunity_clean_10m_1p5_0p5,0.2922,45668,0.3891,12692,,4.47,0.2097,0.5447,2135,124590.0,0.2402,0.5448520140555811,79.0,817271,0.6238986137218046
XGBoost,D_all,bin_opportunity_clean_10m_1p0_0p3,0.2683,48573,0.3487,18966,,6.86,0.1938,0.5057,3354,111409.0,0.2248,0.5525076116859912,79.0,817271,0.6539297462406015
XGBoost,D_all,bin_rr10m_ge_2,0.5845,29736,0.6983,8862,,4.38,0.414,0.8069,3170,167036.0,0.4752,0.5832459627768718,79.0,817271,0.5962317904135338
XGBoost,D_all,bin_rr10m_ge_3,0.5122,30187,0.6367,8346,,4.4,0.3481,0.7602,2748,160986.0,0.4088,0.5793368361067547,79.0,817271,0.6076176770050126
XGBoost,D_all,bin_follow_through_hod_10m_0p5,0.4956,29628,0.5483,24997,,4.85,0.4016,0.6169,19745,39716.0,0.4469,0.7677923600230665,79.0,817271,0.8973507988721805
XGBoost,D_all,bin_follow_through_hod_10m_1p0,0.4783,30008,0.5322,25176,,4.61,0.389,0.6001,19773,39952.0,0.4331,0.7613468986961976,79.0,817271,0.8948053728070176
XGBoost,D_all,bin_mfr10m_1atr,0.7841,41657,0.8577,16876,,4.38,0.6339,0.9249,6455,172608.0,0.7017,0.5982095802036878,79.0,832681,0.6002757745951062
XGBoost,D_all,bin_mfr10m_1p5atr,0.6946,36821,0.7983,15347,,4.7,0.5128,0.8917,5918,160163.0,0.5894,0.6147971474463392,79.0,832681,0.6193974277052575
XGBoost,F_price_vol_time,bin_fr5m_2p5,0.2895,43618,0.3497,17174,,3.35,0.2073,0.4926,3157,113234.0,0.243,0.565198215467617,48.0,833584,0.6692358638165535
XGBoost,F_price_vol_time,bin_fr5m_2p0,0.3274,43476,0.4106,13613,,3.22,0.2354,0.5661,2247,127286.0,0.2762,0.56704077336332,48.0,833584,0.6438382461630017
XGBoost,F_price_vol_time,bin_fr5m_1p5,0.3802,41834,0.4843,10267,,3.25,0.2743,0.6306,1597,143089.0,0.3191,0.5691077715392779,48.0,833584,0.6186038029237015
XGBoost,F_price_vol_time,bin_fr5m_1p0,0.4525,35329,0.5638,7281,,3.15,0.3246,0.7079,1229,158867.0,0.3733,0.5719059003505584,48.0,833584,0.5992292408550339
XGBoost,F_price_vol_time,bin_mfr10m_2p5,0.6754,59930,0.7422,34141,,3.12,0.5389,0.8286,14662,130010.0,0.6058,0.6738955538755476,48.0,833236,0.6805006745759294
XGBoost,F_price_vol_time,bin_mfr10m_2p0,0.7247,63560,0.7854,34573,,5.34,0.5953,0.8634,13934,139173.0,0.6602,0.6692728932786729,48.0,833236,0.6697554722271568
XGBoost,F_price_vol_time,bin_mfr10m_1p5,0.7846,67993,0.8377,36763,,3.53,0.6706,0.8963,14816,147299.0,0.7275,0.659874330253989,48.0,833236,0.6622895251081482
XGBoost,F_price_vol_time,bin_mfr10m_1p0,0.8416,72965,0.8848,38648,,3.19,0.7495,0.9306,14878,155226.0,0.7969,0.640002551352606,48.0,833236,0.6568881164207625
XGBoost,F_price_vol_time,bin_break_hod,0.3896,27257,0.4379,22982,,3.28,0.3169,0.5072,17926,35684.0,0.3517,0.7250925242522264,48.0,833584,0.8973296987032433
XGBoost,F_price_vol_time,bin_first_touch_10m_2p5,0.522,48111,0.6305,9887,,2.95,0.4127,0.7847,1821,144496.0,0.4566,0.602925348788429,48.0,803695,0.6109938574571665
XGBoost,F_price_vol_time,bin_first_touch_10m_2p0,0.5659,38656,0.6681,7879,,2.96,0.4415,0.7896,1806,154700.0,0.4825,0.5916095956000544,48.0,797654,0.5938340087469406
XGBoost,F_price_vol_time,bin_first_touch_10m_1p5,0.6127,32161,0.7211,7303,,2.93,0.4711,0.8174,1807,162471.0,0.5174,0.5886045722669578,48.0,785381,0.5890706819617352
XGBoost,F_price_vol_time,bin_first_touch_10m_1p0,0.6482,32084,0.7392,8466,,2.91,0.5044,0.8443,1933,159815.0,0.5553,0.5906793676330282,48.0,760476,0.5908600708089369
XGBoost,F_price_vol_time,bin_tb10m_tp1p5_sl0p5,0.4694,30438,0.5799,9398,,3.04,0.3191,0.7004,2497,143071.0,0.3737,0.5786274075813321,48.0,759715,0.6128784248468923
XGBoost,F_price_vol_time,bin_tb10m_tp2p0_sl0p7,0.4389,27823,0.5608,7409,,3.25,0.2945,0.6879,1836,151222.0,0.3421,0.562905551140605,48.0,779298,0.5992504941091917
XGBoost,F_price_vol_time,bin_tb10m_tp2p5_sl1p0,0.4261,28609,0.557,6569,,3.18,0.2884,0.7055,1538,152600.0,0.3292,0.5528923559569776,48.0,792166,0.5851918065571784
XGBoost,F_price_vol_time,bin_tb10m_tp4p0_sl2p0,0.3482,46462,0.4526,11061,,3.1,0.26,0.641,2028,126537.0,0.2978,0.5699131349748445,48.0,806939,0.6275055154805285
XGBoost,F_price_vol_time,bin_tb10m_tp5p0_sl2p5,0.3126,49438,0.383,18116,,3.15,0.2397,0.5728,3076,108496.0,0.2729,0.5784301529502113,48.0,809896,0.6651172669972931
XGBoost,F_price_vol_time,bin_tb10m_tp6p0_sl3p0,0.2934,46973,0.3462,23960,,4.93,0.2232,0.521,4829,92993.0,0.2556,0.5871473910355531,48.0,811395,0.701522046751044
XGBoost,F_price_vol_time,bin_fr10m_1p0,0.512,28454,0.6131,7486,,3.36,0.3634,0.7214,1960,165178.0,0.4158,0.5731297944371878,48.0,817271,0.5910724075814536
XGBoost,F_price_vol_time,bin_fr10m_1p5,0.4525,31795,0.5642,8433,,3.21,0.3164,0.6637,2123,154034.0,0.3644,0.5692799744572065,48.0,817271,0.6009261434837093
XGBoost,F_price_vol_time,bin_mae10m_lt_0p5,0.445,53824,0.5525,27380,,3.31,0.3223,0.7279,10205,112321.0,0.375,0.6311226940552556,48.0,817271,0.6851993264411027
XGBoost,F_price_vol_time,bin_mae10m_lt_1p0,0.5971,63255,0.698,34231,,3.18,0.4679,0.8322,15153,124789.0,0.5252,0.6685946515169221,48.0,817271,0.6814301378446115
XGBoost,F_price_vol_time,bin_opportunity_clean_10m_1p5_0p5,0.2865,45578,0.379,12434,,3.25,0.2039,0.5182,2250,128951.0,0.2338,0.5358139642755443,48.0,817271,0.6116511983082706
XGBoost,F_price_vol_time,bin_opportunity_clean_10m_1p0_0p3,0.2648,48630,0.3466,18891,,3.16,0.1896,0.4954,3401,114446.0,0.22,0.5467567464487829,48.0,817271,0.6471549968671679
XGBoost,F_price_vol_time,bin_rr10m_ge_2,0.5721,28066,0.6906,8231,,3.48,0.406,0.8037,3154,172331.0,0.4681,0.576756353620116,48.0,817271,0.5898633302005013
XGBoost,F_price_vol_time,bin_rr10m_ge_3,0.5041,28567,0.6219,7825,,3.17,0.3412,0.7413,2632,166429.0,0.4002,0.5715421638038464,48.0,817271,0.5995800046992481
XGBoost,F_price_vol_time,bin_follow_through_hod_10m_0p5,0.4485,32998,0.5013,27684,,3.61,0.3674,0.5696,21535,43542.0,0.4049,0.7438183281369146,48.0,817271,0.879625822368421
XGBoost,F_price_vol_time,bin_follow_through_hod_10m_1p0,0.4325,33329,0.4832,27959,,4.14,0.3559,0.5489,21568,43736.0,0.3926,0.7372874674486214,48.0,817271,0.8770950814536341
XGBoost,F_price_vol_time,bin_mfr10m_1atr,0.7814,39089,0.8548,15454,,3.32,0.6302,0.9248,5717,173103.0,0.6965,0.590646241028452,48.0,832681,0.5923340427883022
XGBoost,F_price_vol_time,bin_mfr10m_1p5atr,0.6876,34960,0.7862,14106,,3.46,0.5043,0.8952,5122,163079.0,0.5802,0.6072461878635864,48.0,832681,0.6117391575902874
XGBoost,D_clean,bin_fr5m_2p5,0.3081,40911,0.3835,16451,,7.49,0.2123,0.538,3905,110523.0,0.253,0.5761833651249118,70.0,833584,0.6831344845128284
XGBoost,D_clean,bin_fr5m_2p0,0.3487,40782,0.4443,13289,,4.4,0.2413,0.5991,3026,124002.0,0.2865,0.5783597863722326,70.0,833584,0.6588022997993914
XGBoost,D_clean,bin_fr5m_1p5,0.4017,39144,0.5171,10781,,4.22,0.2799,0.6703,2481,139761.0,0.3292,0.5801188770764776,70.0,833584,0.6334286783832295
XGBoost,D_clean,bin_fr5m_1p0,0.4675,33961,0.5893,8405,,4.07,0.3287,0.7025,1963,155735.0,0.3812,0.5800980929926315,70.0,833584,0.6100995363926937
XGBoost,D_clean,bin_mfr10m_2p5,0.6831,60570,0.7575,34121,,4.38,0.5411,0.8449,14820,131072.0,0.61,0.6798147993239868,70.0,833236,0.685705231924486
XGBoost,D_clean,bin_mfr10m_2p0,0.732,64526,0.8001,35265,,4.84,0.5991,0.8783,14589,139410.0,0.6633,0.6747694136876414,70.0,833236,0.6750800608798775
XGBoost,D_clean,bin_mfr10m_1p5,0.7894,69626,0.8451,38056,,4.4,0.6716,0.9056,15674,149137.0,0.7274,0.664899159256785,70.0,833236,0.6680702327166925
XGBoost,D_clean,bin_mfr10m_1p0,0.8436,75331,0.8862,40917,,4.12,0.7514,0.9333,16435,156315.0,0.796,0.645405051651383,70.0,833236,0.6642916472616058
XGBoost,D_clean,bin_break_hod,0.4249,24998,0.4723,21266,,4.86,0.3453,0.5392,16939,32748.0,0.3824,0.7439784142751724,70.0,833584,0.9095533820296976
XGBoost,D_clean,bin_first_touch_10m_2p5,0.5296,47760,0.6534,10341,,5.33,0.4159,0.7907,2188,145178.0,0.4627,0.609172467469272,70.0,803695,0.6175047537507342
XGBoost,D_clean,bin_first_touch_10m_2p0,0.5736,39319,0.6874,8663,,4.41,0.4445,0.81,2126,154788.0,0.4861,0.5956463986948799,70.0,797654,0.5975504554026402
XGBoost,D_clean,bin_first_touch_10m_1p5,0.6138,34359,0.7171,8468,,4.2,0.4755,0.8214,2195,161031.0,0.5203,0.5920080707549846,70.0,785381,0.5923867641964995
XGBoost,D_clean,bin_first_touch_10m_1p0,0.6504,33193,0.7379,9065,,4.02,0.508,0.8551,2187,157104.0,0.5592,0.5945571931871139,70.0,760476,0.5947635055158373
XGBoost,D_clean,bin_tb10m_tp1p5_sl0p5,0.4715,30979,0.5812,9791,,4.2,0.3223,0.6959,2762,140872.0,0.3758,0.580652710064403,70.0,759715,0.6145529992259043
XGBoost,D_clean,bin_tb10m_tp2p0_sl0p7,0.4463,27719,0.5676,7695,,4.26,0.2979,0.7098,1992,148280.0,0.3462,0.5672855732926873,70.0,779298,0.6044611001309068
XGBoost,D_clean,bin_tb10m_tp2p5_sl1p0,0.431,28970,0.5619,7104,,4.53,0.292,0.7042,1751,150896.0,0.3327,0.5573317436538471,70.0,792166,0.5914692038866332
XGBoost,D_clean,bin_tb10m_tp4p0_sl2p0,0.361,45021,0.4855,11105,,4.26,0.265,0.6604,2300,125220.0,0.3046,0.5772890643743933,70.0,806939,0.635760144765871
XGBoost,D_clean,bin_tb10m_tp5p0_sl2p5,0.3322,46454,0.4096,17210,,4.06,0.2451,0.6149,3607,107270.0,0.2853,0.5912571966918125,70.0,809896,0.6795410088715892
XGBoost,D_clean,bin_tb10m_tp6p0_sl3p0,0.3101,44364,0.3696,22459,,6.54,0.2328,0.5351,5399,90272.0,0.269,0.6005976082857476,70.0,811395,0.7176398660874967
XGBoost,D_clean,bin_fr10m_1p0,0.5291,30297,0.6468,9114,,4.27,0.3719,0.7523,2887,159290.0,0.427,0.5834018077989683,70.0,817271,0.6042890429197995
XGBoost,D_clean,bin_fr10m_1p5,0.475,32402,0.6089,9562,,4.04,0.3238,0.7317,2971,147893.0,0.376,0.5809673482742416,70.0,817271,0.6172560307017544
XGBoost,D_clean,bin_mae10m_lt_0p5,0.4462,54293,0.5543,28154,,4.05,0.3277,0.7345,10229,110229.0,0.3791,0.6349305869647237,70.0,817271,0.6889097744360902
XGBoost,D_clean,bin_mae10m_lt_1p0,0.6027,63209,0.6992,35333,,4.48,0.4753,0.8361,15298,121999.0,0.532,0.6739515542977397,70.0,817271,0.6873090930451128
XGBoost,D_clean,bin_opportunity_clean_10m_1p5_0p5,0.2921,46066,0.394,12880,,4.16,0.2093,0.5469,2209,125260.0,0.2402,0.5446401142713216,70.0,817271,0.6231986215538847
XGBoost,D_clean,bin_opportunity_clean_10m_1p0_0p3,0.2689,48381,0.3454,19034,,4.69,0.1936,0.5048,3465,111515.0,0.2244,0.5521155392983859,70.0,817271,0.6536849937343359
XGBoost,D_clean,bin_rr10m_ge_2,0.585,29839,0.6966,8783,,4.14,0.4136,0.7999,3284,166850.0,0.4746,0.5828981756581684,70.0,817271,0.5955220081453634
XGBoost,D_clean,bin_rr10m_ge_3,0.5136,29798,0.6425,8122,,4.41,0.3487,0.7649,2675,160343.0,0.4086,0.5791066866949974,70.0,817271,0.6078869047619048
XGBoost,D_clean,bin_follow_through_hod_10m_0p5,0.4914,29822,0.5465,25077,,4.27,0.399,0.6148,19833,39995.0,0.4445,0.7665989314860542,70.0,817271,0.896420739348371
XGBoost,D_clean,bin_follow_through_hod_10m_1p0,0.4762,29866,0.5295,25078,,4.32,0.3886,0.5982,19675,39923.0,0.4319,0.7602354236224291,70.0,817271,0.8944137687969925
XGBoost,D_clean,bin_mfr10m_1atr,0.7859,41717,0.8594,17123,,4.08,0.6348,0.9252,6629,171989.0,0.7019,0.5986641256040222,70.0,832681,0.6007610225760422
XGBoost,D_clean,bin_mfr10m_1p5atr,0.6946,37111,0.7987,15587,,4.17,0.5122,0.8901,6094,159568.0,0.5885,0.6142142343858816,70.0,832681,0.618744024483403
XGBoost,D1_core_momentum,bin_fr5m_2p5,0.297,42410,0.3735,16110,,3.17,0.2078,0.5233,3455,112868.0,0.2469,0.5695220381179823,47.0,833584,0.6745582292696505
XGBoost,D1_core_momentum,bin_fr5m_2p0,0.3365,41864,0.4254,13248,,3.19,0.2372,0.5781,2657,126546.0,0.2788,0.5699759852468778,47.0,833584,0.6475288674735802
XGBoost,D1_core_momentum,bin_fr5m_1p5,0.3889,39075,0.496,10124,,2.97,0.2761,0.6665,1763,142749.0,0.3221,0.5723452308046333,47.0,833584,0.6225295873607019
XGBoost,D1_core_momentum,bin_fr5m_1p0,0.4528,34568,0.5846,7161,,3.03,0.3265,0.7172,1128,157473.0,0.3768,0.5753969300142485,47.0,833584,0.6027854832362286
XGBoost,D1_core_momentum,bin_mfr10m_2p5,0.673,61228,0.7479,33893,,2.98,0.539,0.8298,14308,131489.0,0.6058,0.6767754096471712,47.0,833236,0.6825027967293871
XGBoost,D1_core_momentum,bin_mfr10m_2p0,0.7242,65206,0.7899,34570,,3.04,0.5973,0.8679,13682,140239.0,0.6585,0.6710036983732013,47.0,833236,0.6712630654074583
XGBoost,D1_core_momentum,bin_mfr10m_1p5,0.7841,69526,0.8396,36580,,3.05,0.671,0.8951,14305,148524.0,0.7245,0.661604512622885,47.0,833236,0.6647717724782624
XGBoost,D1_core_momentum,bin_mfr10m_1p0,0.8399,74649,0.8831,38571,,3.08,0.7488,0.9275,14198,157428.0,0.7937,0.6441897856064505,47.0,833236,0.6637106957494514
XGBoost,D1_core_momentum,bin_break_hod,0.3746,27630,0.4287,22604,,3.16,0.3008,0.5031,16968,37163.0,0.3357,0.7137051388372704,47.0,833584,0.8911050747242832
XGBoost,D1_core_momentum,bin_first_touch_10m_2p5,0.5176,48044,0.6286,9054,,2.92,0.4143,0.7636,1142,145064.0,0.4584,0.6048782663357053,47.0,803695,0.6128505580057144
XGBoost,D1_core_momentum,bin_first_touch_10m_2p0,0.5608,38528,0.6672,6906,,2.92,0.4429,0.7779,842,154773.0,0.4838,0.5932455574782348,47.0,797654,0.5949474381093769
XGBoost,D1_core_momentum,bin_first_touch_10m_1p5,0.6025,32097,0.6996,6176,,3.0,0.4712,0.7919,942,163079.0,0.5144,0.5861381826499492,47.0,785381,0.5863098270135904
XGBoost,D1_core_momentum,bin_first_touch_10m_1p0,0.6355,29722,0.7153,6488,,2.73,0.4995,0.8044,956,163102.0,0.549,0.5860586469216325,47.0,760476,0.58606757887095
XGBoost,D1_core_momentum,bin_tb10m_tp1p5_sl0p5,0.461,26717,0.5707,7566,,2.96,0.3111,0.6758,1780,148945.0,0.3653,0.5708210264270122,47.0,759715,0.607307042164519
XGBoost,D1_core_momentum,bin_tb10m_tp2p0_sl0p7,0.4356,25668,0.5632,5964,,2.93,0.2908,0.6688,1253,154316.0,0.3363,0.5568264964227261,47.0,779298,0.5926127467337458
XGBoost,D1_core_momentum,bin_tb10m_tp2p5_sl1p0,0.4161,27817,0.5463,5890,,2.86,0.2882,0.6523,1093,152846.0,0.3281,0.5513691014173625,47.0,792166,0.5830555723895522
XGBoost,D1_core_momentum,bin_tb10m_tp4p0_sl2p0,0.3526,44951,0.4623,10452,,2.97,0.2634,0.6208,1825,124920.0,0.3023,0.5752347456226063,47.0,806939,0.6347884286457947
XGBoost,D1_core_momentum,bin_tb10m_tp5p0_sl2p5,0.319,47768,0.3949,16647,,3.0,0.2432,0.5694,3096,107133.0,0.2789,0.5849906928766977,47.0,809896,0.673588745529628
XGBoost,D1_core_momentum,bin_tb10m_tp6p0_sl3p0,0.2967,45909,0.3581,22485,,3.06,0.2279,0.5221,4848,92003.0,0.261,0.5927384309129083,47.0,811395,0.7085578767275256
XGBoost,D1_core_momentum,bin_fr10m_1p0,0.5032,30696,0.6202,7501,,2.96,0.3698,0.7326,1657,160693.0,0.4149,0.5723136074412182,47.0,817271,0.5888451597744361
XGBoost,D1_core_momentum,bin_fr10m_1p5,0.4495,32836,0.5855,8267,,3.0,0.3231,0.7305,1978,149590.0,0.3701,0.575180910773997,47.0,817271,0.6085722117794486
XGBoost,D1_core_momentum,bin_mae10m_lt_0p5,0.4384,54456,0.5439,27145,,3.07,0.3162,0.73,9663,115428.0,0.3679,0.6245906218997196,47.0,817271,0.6767847352756893
XGBoost,D1_core_momentum,bin_mae10m_lt_1p0,0.5906,65168,0.6891,35512,,3.09,0.4671,0.8304,13696,125253.0,0.5219,0.6670890475239348,47.0,817271,0.6788259711779449
XGBoost,D1_core_momentum,bin_opportunity_clean_10m_1p5_0p5,0.283,45106,0.3757,11098,,3.03,0.2032,0.5173,1299,130520.0,0.2313,0.5321158239712138,47.0,817271,0.6064428649749374
XGBoost,D1_core_momentum,bin_opportunity_clean_10m_1p0_0p3,0.2575,47169,0.328,16327,,5.15,0.1835,0.4561,2508,120022.0,0.2123,0.5348386634947201,47.0,817271,0.6289649906015038
XGBoost,D1_core_momentum,bin_rr10m_ge_2,0.5676,28786,0.6812,6270,,3.0,0.4095,0.8229,1395,170901.0,0.4615,0.5725432820634979,47.0,817271,0.5820214598997494
XGBoost,D1_core_momentum,bin_rr10m_ge_3,0.4914,28509,0.6267,5896,,2.93,0.3427,0.7687,1232,166482.0,0.3956,0.5673968577007911,47.0,817271,0.5913514254385965
XGBoost,D1_core_momentum,bin_follow_through_hod_10m_0p5,0.4366,32871,0.4949,26724,,3.11,0.3534,0.5744,19744,44713.0,0.3921,0.7345038500230752,47.0,817271,0.8743195880325815
XGBoost,D1_core_momentum,bin_follow_through_hod_10m_1p0,0.4261,32814,0.4809,26757,,3.17,0.3457,0.5558,19809,44504.0,0.3829,0.7297876451942478,47.0,817271,0.8732720473057645
XGBoost,D1_core_momentum,bin_mfr10m_1atr,0.7756,39110,0.8624,13926,,3.06,0.6303,0.942,4379,174548.0,0.6925,0.5919184239490421,47.0,832681,0.5945056476138771
XGBoost,D1_core_momentum,bin_mfr10m_1p5atr,0.688,35056,0.8033,13350,,3.04,0.5059,0.9102,4746,163129.0,0.5807,0.6087493875896478,47.0,832681,0.6128922220994422
XGBoost,D2_breakout_structure,bin_fr5m_2p5,0.2888,40456,0.3675,15369,,2.61,0.2039,0.5228,3133,113292.0,0.242,0.565989138876378,37.0,833584,0.6767130913872704
XGBoost,D2_breakout_structure,bin_fr5m_2p0,0.3292,39338,0.4257,12350,,2.57,0.2326,0.6044,2212,126800.0,0.2727,0.5651702726496484,37.0,833584,0.6480999779234616
XGBoost,D2_breakout_structure,bin_fr5m_1p5,0.3821,37631,0.4875,9860,,2.8,0.272,0.65,1860,143099.0,0.3157,0.5666272321643815,37.0,833584,0.6196308418839926
XGBoost,D2_breakout_structure,bin_fr5m_1p0,0.4505,32154,0.5762,7305,,2.65,0.3216,0.7179,1443,159433.0,0.369,0.5681739283345234,37.0,833584,0.5983365808241268
XGBoost,D2_breakout_structure,bin_mfr10m_2p5,0.657,57916,0.7284,30466,,2.65,0.5279,0.8099,11682,131671.0,0.5889,0.6587688664651951,37.0,833236,0.6656119916074112
XGBoost,D2_breakout_structure,bin_mfr10m_2p0,0.7103,61138,0.7751,31607,,2.64,0.5887,0.8436,11765,139191.0,0.6476,0.6556006245049448,37.0,833236,0.6562351461261097
XGBoost,D2_breakout_structure,bin_mfr10m_1p5,0.7724,65841,0.8253,34023,,2.71,0.6631,0.8808,12328,148619.0,0.7168,0.6471815251930993,37.0,833236,0.6494413743104201
XGBoost,D2_breakout_structure,bin_mfr10m_1p0,0.8347,71629,0.8756,36439,,2.71,0.745,0.9195,12583,156611.0,0.789,0.630775174144707,37.0,833236,0.6480682161907826
XGBoost,D2_breakout_structure,bin_break_hod,0.3841,26806,0.4358,22218,,2.84,0.2986,0.5053,17369,37006.0,0.3401,0.7161215407159036,37.0,833584,0.8935718879279729
XGBoost,D2_breakout_structure,bin_first_touch_10m_2p5,0.5143,44165,0.6324,8896,,2.58,0.41,0.7648,1718,145257.0,0.4497,0.5954331380437752,37.0,803695,0.6050354913536492
XGBoost,D2_breakout_structure,bin_first_touch_10m_2p0,0.5581,36109,0.6824,7192,,2.6,0.4383,0.8057,1585,156241.0,0.4771,0.5856409212373757,37.0,797654,0.5883571399911728
XGBoost,D2_breakout_structure,bin_first_touch_10m_1p5,0.6089,31208,0.7089,7107,,2.56,0.4691,0.8111,1795,163628.0,0.5134,0.5840470100626967,37.0,785381,0.5846950834369078
XGBoost,D2_breakout_structure,bin_first_touch_10m_1p0,0.6462,30806,0.74,7968,,2.48,0.5012,0.8476,1785,161216.0,0.552,0.5868997942384374,37.0,760476,0.5871407603806638
XGBoost,D2_breakout_structure,bin_tb10m_tp1p5_sl0p5,0.4646,29509,0.5739,9023,,3.86,0.3177,0.6903,2244,143238.0,0.369,0.5742020993415189,37.0,759715,0.609250180359033
XGBoost,D2_breakout_structure,bin_tb10m_tp2p0_sl0p7,0.4351,26905,0.5534,7098,,2.52,0.2924,0.6919,1600,151862.0,0.3385,0.559528552358167,37.0,779298,0.5969198388048974
XGBoost,D2_breakout_structure,bin_tb10m_tp2p5_sl1p0,0.4206,26801,0.5462,6444,,2.52,0.2863,0.685,1524,153297.0,0.3248,0.5494777649360821,37.0,792166,0.5847574894450841
XGBoost,D2_breakout_structure,bin_tb10m_tp4p0_sl2p0,0.3407,41581,0.4549,9304,,2.67,0.2564,0.6518,1637,126434.0,0.2895,0.5625504519586727,37.0,806939,0.6243821422374259
XGBoost,D2_breakout_structure,bin_tb10m_tp5p0_sl2p5,0.3035,44128,0.3795,14787,,2.58,0.2324,0.5545,2431,110426.0,0.264,0.5705582577825234,37.0,809896,0.6623609492007666
XGBoost,D2_breakout_structure,bin_tb10m_tp6p0_sl3p0,0.2838,42772,0.3402,19286,,2.61,0.2133,0.4945,3701,96983.0,0.2432,0.5759339024702573,37.0,811395,0.695886480063505
XGBoost,D2_breakout_structure,bin_fr10m_1p0,0.5107,27070,0.6166,8308,,2.61,0.3601,0.7041,2437,164878.0,0.4137,0.5707204184004389,37.0,817271,0.5936325187969925
XGBoost,D2_breakout_structure,bin_fr10m_1p5,0.4535,29124,0.5601,8936,,2.57,0.3125,0.6321,2789,153388.0,0.3636,0.5694508987673614,37.0,817271,0.6088512296365914
XGBoost,D2_breakout_structure,bin_mae10m_lt_0p5,0.4345,55244,0.5426,27310,,2.71,0.3166,0.7203,9774,114604.0,0.3671,0.6238766420351565,37.0,817271,0.67609453320802
XGBoost,D2_breakout_structure,bin_mae10m_lt_1p0,0.5874,63932,0.6888,34291,,2.67,0.4614,0.8301,14134,125977.0,0.5175,0.6620637387822067,37.0,817271,0.6744742716165414
XGBoost,D2_breakout_structure,bin_opportunity_clean_10m_1p5_0p5,0.2869,43427,0.3782,11157,,2.67,0.1994,0.4991,2118,131924.0,0.2314,0.5332982608921615,37.0,817271,0.6095169564536341
XGBoost,D2_breakout_structure,bin_opportunity_clean_10m_1p0_0p3,0.2593,49043,0.3396,17241,,2.76,0.1844,0.49,2951,118054.0,0.2142,0.5388151516625286,37.0,817271,0.6363614113408521
XGBoost,D2_breakout_structure,bin_rr10m_ge_2,0.5623,27482,0.6622,8007,,2.61,0.4016,0.7704,2875,175275.0,0.4598,0.5702606067520192,37.0,817271,0.5811893013784462
XGBoost,D2_breakout_structure,bin_rr10m_ge_3,0.4864,28471,0.5971,7577,,2.65,0.337,0.7166,2449,169094.0,0.3922,0.5641816336804787,37.0,817271,0.5892416588345865
XGBoost,D2_breakout_structure,bin_follow_through_hod_10m_0p5,0.436,32615,0.4965,26528,,2.76,0.3396,0.5707,20221,46135.0,0.386,0.729969976900847,37.0,817271,0.871749686716792
XGBoost,D2_breakout_structure,bin_follow_through_hod_10m_1p0,0.4196,32965,0.4772,26863,,2.83,0.3286,0.5492,20313,46310.0,0.3721,0.7222786434990194,37.0,817271,0.8682937813283208
XGBoost,D2_breakout_structure,bin_mfr10m_1atr,0.7601,37336,0.826,12764,,2.71,0.622,0.8755,3711,177162.0,0.6807,0.5804656646952839,37.0,832681,0.5831383533277922
XGBoost,D2_breakout_structure,bin_mfr10m_1p5atr,0.6538,33876,0.7346,10970,,2.68,0.4948,0.8215,3076,167290.0,0.5611,0.5930871171385508,37.0,832681,0.5967012746167262
XGBoost,D3_liquidity_context,bin_fr5m_2p5,0.2974,39887,0.3798,15189,,2.58,0.209,0.5136,3746,110416.0,0.2465,0.5706480410177033,33.0,833584,0.6817187065068198
XGBoost,D3_liquidity_context,bin_fr5m_2p0,0.3362,39695,0.4273,12777,,2.48,0.2359,0.5679,2914,125211.0,0.2779,0.5701199118024822,33.0,833584,0.6520209631129839
XGBoost,D3_liquidity_context,bin_fr5m_1p5,0.3869,37939,0.4938,10253,,2.5,0.2755,0.6276,2092,141436.0,0.3212,0.5721953287810402,33.0,833584,0.6257834771507828
XGBoost,D3_liquidity_context,bin_fr5m_1p0,0.4478,34128,0.5677,7717,,4.56,0.3247,0.6963,1363,158465.0,0.374,0.5729348308647566,33.0,833584,0.602281562251039
XGBoost,D3_liquidity_context,bin_mfr10m_2p5,0.6718,60185,0.7459,32908,,2.51,0.5381,0.8306,13644,130220.0,0.6013,0.6714721737285405,33.0,833236,0.67763432703249
XGBoost,D3_liquidity_context,bin_mfr10m_2p0,0.7196,64016,0.7864,33917,,2.5,0.5971,0.8658,13177,138443.0,0.6553,0.6659342656634953,33.0,833236,0.6663225769280628
XGBoost,D3_liquidity_context,bin_mfr10m_1p5,0.7811,68345,0.8348,35640,,2.56,0.6684,0.893,13507,148194.0,0.7223,0.6567534437909783,33.0,833236,0.659543208868873
XGBoost,D3_liquidity_context,bin_mfr10m_1p0,0.8371,73572,0.8811,37322,,2.59,0.748,0.9269,13454,156885.0,0.792,0.6387862470480533,33.0,833236,0.65732503036792
XGBoost,D3_liquidity_context,bin_break_hod,0.3835,25710,0.4411,20736,,2.68,0.2939,0.5139,15527,36900.0,0.3361,0.7118128577302243,33.0,833584,0.8933655202864191
XGBoost,D3_liquidity_context,bin_first_touch_10m_2p5,0.514,46675,0.6178,9870,,2.44,0.4142,0.7272,1580,143895.0,0.4561,0.6020774524831763,33.0,803695,0.6112825669258415
XGBoost,D3_liquidity_context,bin_first_touch_10m_2p0,0.5504,38584,0.6487,7554,,2.43,0.4427,0.7571,1260,154592.0,0.4826,0.591555145835843,33.0,797654,0.5941499819443887
XGBoost,D3_liquidity_context,bin_first_touch_10m_1p5,0.5947,31695,0.6806,6547,,2.38,0.469,0.7692,1109,164757.0,0.5109,0.5820409104267106,33.0,785381,0.5823366409258542
XGBoost,D3_liquidity_context,bin_first_touch_10m_1p0,0.6286,29498,0.7103,6639,,2.38,0.4966,0.7945,1051,165353.0,0.5455,0.581143077541747,33.0,760476,0.5812540441582628
XGBoost,D3_liquidity_context,bin_tb10m_tp1p5_sl0p5,0.4563,26642,0.5574,7489,,2.32,0.3082,0.6652,1798,151238.0,0.3622,0.5679168101151892,33.0,759715,0.6054850209848394
XGBoost,D3_liquidity_context,bin_tb10m_tp2p0_sl0p7,0.4248,25689,0.5375,6318,,2.41,0.2889,0.6674,1335,155032.0,0.3341,0.5554568054577544,33.0,779298,0.5941168921173542
XGBoost,D3_liquidity_context,bin_tb10m_tp2p5_sl1p0,0.4067,27256,0.5376,6036,,2.45,0.2876,0.648,1199,152612.0,0.3266,0.5510562517197266,33.0,792166,0.5856059228733612
XGBoost,D3_liquidity_context,bin_tb10m_tp4p0_sl2p0,0.3464,44070,0.4477,10648,,2.51,0.2621,0.5968,2093,123764.0,0.2979,0.5710828084299204,33.0,806939,0.6321955330804888
XGBoost,D3_liquidity_context,bin_tb10m_tp5p0_sl2p5,0.3176,44959,0.3971,15871,,2.48,0.2411,0.5528,3354,105402.0,0.276,0.5826848566029097,33.0,809896,0.674369208274881
XGBoost,D3_liquidity_context,bin_tb10m_tp6p0_sl3p0,0.2975,43516,0.3569,20275,,2.48,0.2243,0.5121,5019,91306.0,0.2581,0.5904722630122798,33.0,811395,0.7106632021654776
XGBoost,D3_liquidity_context,bin_fr10m_1p0,0.4961,32001,0.5987,8039,,4.7,0.3665,0.715,1930,163452.0,0.4153,0.5726816703568014,33.0,817271,0.5891143875313283
XGBoost,D3_liquidity_context,bin_fr10m_1p5,0.4402,33659,0.553,9333,,2.54,0.3197,0.7158,2122,150506.0,0.3659,0.5709409063784701,33.0,817271,0.6037554824561403
XGBoost,D3_liquidity_context,bin_mae10m_lt_0p5,0.4289,55427,0.5378,26871,,2.55,0.3127,0.7212,9273,116833.0,0.3623,0.6193360098276116,33.0,817271,0.6705680216165414
XGBoost,D3_liquidity_context,bin_mae10m_lt_1p0,0.5862,65816,0.6898,34271,,2.63,0.4637,0.8162,13355,125972.0,0.5173,0.6632579578716589,33.0,817271,0.6746211231203008
XGBoost,D3_liquidity_context,bin_opportunity_clean_10m_1p5_0p5,0.2764,44467,0.3639,10397,,2.47,0.1982,0.498,1269,135072.0,0.2258,0.5230610898886402,33.0,817271,0.5930597979323309
XGBoost,D3_liquidity_context,bin_opportunity_clean_10m_1p0_0p3,0.2523,47512,0.3267,15744,,2.47,0.1791,0.4417,2214,123924.0,0.2076,0.5279194350226205,33.0,817271,0.6194734884085213
XGBoost,D3_liquidity_context,bin_rr10m_ge_2,0.5605,28155,0.6744,6392,,2.49,0.4057,0.7993,1345,173863.0,0.4564,0.5680948191148791,33.0,817271,0.5758390115914787
XGBoost,D3_liquidity_context,bin_rr10m_ge_3,0.4833,29107,0.5999,6426,,2.56,0.3395,0.7534,1306,169564.0,0.3885,0.5602682150600111,33.0,817271,0.5811990914786967
XGBoost,D3_liquidity_context,bin_follow_through_hod_10m_0p5,0.4523,29511,0.5153,23555,,2.55,0.3527,0.5911,17564,42804.0,0.4004,0.7352720423720738,33.0,817271,0.8803845551378446
XGBoost,D3_liquidity_context,bin_follow_through_hod_10m_1p0,0.4362,29636,0.4987,23657,,2.69,0.343,0.5732,17434,42968.0,0.3878,0.7288611781518761,33.0,817271,0.8780740914786967
XGBoost,D3_liquidity_context,bin_mfr10m_1atr,0.7723,37332,0.8631,12120,,2.52,0.625,0.9451,3773,178427.0,0.6838,0.5879221659840295,33.0,832681,0.59162298634099
XGBoost,D3_liquidity_context,bin_mfr10m_1p5atr,0.6875,33927,0.8066,11772,,2.52,0.4989,0.9205,4077,168553.0,0.569,0.6021251132583108,33.0,832681,0.6050225568244604
XGBoost,D_clean_ext,bin_fr5m_2p5,0.3064,41125,0.3821,16586,,4.08,0.2124,0.532,4013,109931.0,0.2538,0.5771851953241028,71.0,833584,0.6850589827515046
XGBoost,D_clean_ext,bin_fr5m_2p0,0.347,40935,0.4445,13610,,4.05,0.241,0.6022,3147,124286.0,0.2859,0.5777431105452018,71.0,833584,0.6576936736319745
XGBoost,D_clean_ext,bin_fr5m_1p5,0.4022,39010,0.5198,10779,,4.05,0.2791,0.6614,2484,140915.0,0.328,0.578686834678569,71.0,833584,0.6310290546442318
XGBoost,D_clean_ext,bin_fr5m_1p0,0.4681,33930,0.593,8351,,4.0,0.3293,0.7134,1982,155377.0,0.3802,0.5790614651448587,71.0,833584,0.608626167416949
XGBoost,D_clean_ext,bin_mfr10m_2p5,0.6818,60757,0.7558,34236,,6.11,0.5416,0.8417,14957,130765.0,0.61,0.6793976527410281,71.0,833236,0.6854267592988251
XGBoost,D_clean_ext,bin_mfr10m_2p0,0.7315,65005,0.7981,35485,,4.17,0.5988,0.8773,14578,139567.0,0.662,0.6739537148987607,71.0,833236,0.6742398417507286
XGBoost,D_clean_ext,bin_mfr10m_1p5,0.7886,69835,0.8445,37853,,4.1,0.6709,0.9052,15570,149305.0,0.7277,0.6648436981511057,71.0,833236,0.6679502014125284
XGBoost,D_clean_ext,bin_mfr10m_1p0,0.8442,75741,0.8881,40888,,4.12,0.7518,0.9329,16365,156250.0,0.7965,0.6467434690233385,71.0,833236,0.6658424517114063
XGBoost,D_clean_ext,bin_break_hod,0.4237,24999,0.473,21289,,4.19,0.3447,0.5388,16936,32764.0,0.3827,0.7441287536395702,71.0,833584,0.9096973594540376
XGBoost,D_clean_ext,bin_first_touch_10m_2p5,0.5295,47924,0.6529,10145,,3.89,0.4156,0.7926,2175,144835.0,0.4632,0.609655941895914,71.0,803695,0.6181667944289028
XGBoost,D_clean_ext,bin_first_touch_10m_2p0,0.5731,39524,0.6887,8627,,3.89,0.4451,0.8112,2071,154073.0,0.4869,0.5963697270086643,71.0,797654,0.5984783132046704
XGBoost,D_clean_ext,bin_first_touch_10m_1p5,0.6134,34005,0.7111,8370,,3.8,0.4758,0.8129,2218,160572.0,0.5214,0.5929961785131,71.0,785381,0.5934259051732921
XGBoost,D_clean_ext,bin_first_touch_10m_1p0,0.6496,32997,0.7442,8918,,3.76,0.5074,0.8559,2144,157809.0,0.5587,0.5939225743512482,71.0,760476,0.5941374829685042
XGBoost,D_clean_ext,bin_tb10m_tp1p5_sl0p5,0.4705,31288,0.5826,9809,,3.84,0.3222,0.695,2810,140618.0,0.3753,0.5801940276528917,71.0,759715,0.614042201380734
XGBoost,D_clean_ext,bin_tb10m_tp2p0_sl0p7,0.4437,28252,0.5605,7765,,3.8,0.2978,0.7145,2000,148467.0,0.3459,0.5668445499584639,71.0,779298,0.6036705254241639
XGBoost,D_clean_ext,bin_tb10m_tp2p5_sl1p0,0.4354,28458,0.5602,7140,,3.98,0.2921,0.7012,1834,150954.0,0.3345,0.5591921359856697,71.0,792166,0.5930650667636305
XGBoost,D_clean_ext,bin_tb10m_tp4p0_sl2p0,0.3619,45361,0.4864,11113,,3.92,0.2658,0.6476,2330,125400.0,0.3049,0.5776404189994582,71.0,806939,0.6362608760318287
XGBoost,D_clean_ext,bin_tb10m_tp5p0_sl2p5,0.329,46713,0.4073,17501,,3.98,0.246,0.6036,3582,106771.0,0.2837,0.5897213183699915,71.0,809896,0.678380194028966
XGBoost,D_clean_ext,bin_tb10m_tp6p0_sl3p0,0.3107,44386,0.3692,22784,,4.04,0.2325,0.5432,5372,90955.0,0.2681,0.5997352104460789,71.0,811395,0.71642203146648
XGBoost,D_clean_ext,bin_fr10m_1p0,0.53,30577,0.6448,9259,,3.86,0.3719,0.75,2856,159413.0,0.427,0.5834138088874643,71.0,817271,0.6041372963659147
XGBoost,D_clean_ext,bin_fr10m_1p5,0.4741,31917,0.6081,9438,,3.88,0.3239,0.7333,2940,148303.0,0.3773,0.5821084538864503,71.0,817271,0.6190133536967418
XGBoost,D_clean_ext,bin_mae10m_lt_0p5,0.4458,54605,0.5533,28164,,4.04,0.3276,0.7304,10323,110279.0,0.379,0.6348111738649238,71.0,817271,0.6887873981829574
XGBoost,D_clean_ext,bin_mae10m_lt_1p0,0.6038,63070,0.7016,35028,,4.03,0.4751,0.8374,15298,121866.0,0.5317,0.6736724421798082,71.0,817271,0.6870692355889725
XGBoost,D_clean_ext,bin_opportunity_clean_10m_1p5_0p5,0.2919,46099,0.3898,12921,,4.15,0.2101,0.5506,2205,124672.0,0.2406,0.5454774952019907,71.0,817271,0.6249951049498746
XGBoost,D_clean_ext,bin_opportunity_clean_10m_1p0_0p3,0.2677,48479,0.3475,19063,,4.13,0.1935,0.5073,3412,111617.0,0.2247,0.5523989664250324,71.0,817271,0.6538269501879699
XGBoost,D_clean_ext,bin_rr10m_ge_2,0.5843,29935,0.6999,8804,,5.45,0.4133,0.8035,3287,167872.0,0.4749,0.5831852459312707,71.0,817271,0.5957961309523809
XGBoost,D_clean_ext,bin_rr10m_ge_3,0.5154,29948,0.64,8223,,4.0,0.3487,0.7642,2735,160176.0,0.4083,0.5788524482044235,71.0,817271,0.6072064927944862
XGBoost,D_clean_ext,bin_follow_through_hod_10m_0p5,0.492,29869,0.5467,25185,,4.16,0.3993,0.616,19903,39925.0,0.4453,0.7672328629167874,71.0,817271,0.8966850720551378
XGBoost,D_clean_ext,bin_follow_through_hod_10m_1p0,0.4778,29934,0.5308,25200,,4.11,0.3887,0.5988,19836,39934.0,0.4338,0.7616266501853219,71.0,817271,0.8950892857142857
XGBoost,D_clean_ext,bin_mfr10m_1atr,0.7852,41390,0.8606,16930,,4.04,0.6348,0.9232,6546,171558.0,0.702,0.5974559066203191,71.0,832681,0.5993533229877823
XGBoost,D_clean_ext,bin_mfr10m_1p5atr,0.6915,37261,0.799,15613,,4.05,0.5122,0.8878,6175,159820.0,0.5898,0.6151144373765279,71.0,832681,0.6197097160098203
LightGBM,A_base,mc_2p5,0.2854,40679,0.3599,14501,,5.54,0.1996,0.5155,2830,117453.0,0.2346,0.5570408296220568,23.0,833584,0.663438372863135
LightGBM,A_base,bin_fr5m_2p5,0.2848,40567,0.3594,14709,,2.83,0.1997,0.5091,2868,116995.0,0.2357,0.5584966454599958,23.0,833584,0.665598034228233
LightGBM,A_base,bin_fr5m_2p0,0.3236,39671,0.4067,12364,,2.83,0.2285,0.5775,2000,131308.0,0.2665,0.557841827335397,23.0,833584,0.63713849668372
LightGBM,A_base,bin_fr5m_1p5,0.3762,37328,0.4746,9460,,2.9,0.2683,0.6374,1346,147323.0,0.312,0.5625275237733458,23.0,833584,0.6143180749258517
LightGBM,A_base,bin_fr5m_1p0,0.4429,31968,0.5625,5724,,2.98,0.3186,0.7193,659,163603.0,0.364,0.5627834613031305,23.0,833584,0.5911329103596557
LightGBM,A_base,bin_mfr10m_2p5,0.6545,57134,0.7217,28978,,2.88,0.5232,0.7996,10435,134118.0,0.5844,0.6553888854440635,23.0,833236,0.6620398599954869
LightGBM,A_base,bin_mfr10m_2p0,0.7074,60330,0.7657,30142,,2.87,0.5865,0.8373,10084,140826.0,0.6423,0.6511389590244661,23.0,833236,0.6517363728460382
LightGBM,A_base,bin_mfr10m_1p5,0.7716,64108,0.8207,31820,,2.88,0.6593,0.8739,9960,150844.0,0.7137,0.6447754176606375,23.0,833236,0.6471751832878014
LightGBM,A_base,bin_mfr10m_1p0,0.8302,68587,0.8709,33038,,2.92,0.7417,0.9087,9304,158017.0,0.7866,0.6250713442709266,23.0,833236,0.6415433144964207
LightGBM,A_base,bin_break_hod,0.3557,27400,0.4135,21849,,2.86,0.2648,0.4899,16192,40569.0,0.3086,0.6930271362523658,23.0,833584,0.8806235182323412
LightGBM,A_base,bin_first_touch_10m_2p5,0.5038,43194,0.6112,6936,,5.01,0.4053,0.7646,565,148945.0,0.4419,0.5875353696240586,23.0,803695,0.5950999034316605
LightGBM,A_base,bin_first_touch_10m_2p0,0.5436,33798,0.6483,5001,,2.85,0.435,0.7433,483,158997.0,0.4709,0.5790448427185428,23.0,797654,0.5807838141475745
LightGBM,A_base,bin_first_touch_10m_1p5,0.589,28505,0.6786,4819,,2.89,0.4636,0.7533,523,168853.0,0.5034,0.573973255676172,23.0,785381,0.5741355773345015
LightGBM,A_base,bin_first_touch_10m_1p0,0.6281,26547,0.7126,5142,,2.91,0.4921,0.784,625,170123.0,0.5419,0.5769558436262094,23.0,760476,0.5771401817043595
LightGBM,A_base,bin_tb10m_tp1p5_sl0p5,0.4479,25581,0.5593,6544,,2.85,0.3035,0.6719,1344,156270.0,0.3572,0.562967104677671,23.0,759715,0.5991237447274604
LightGBM,A_base,bin_tb10m_tp2p0_sl0p7,0.4183,23756,0.5298,5166,,2.88,0.2837,0.6609,814,161360.0,0.327,0.5472952022562617,23.0,779298,0.5831361174568136
LightGBM,A_base,bin_tb10m_tp2p5_sl1p0,0.4038,25158,0.5303,4347,,2.83,0.2813,0.672,625,159798.0,0.3156,0.5370096772681098,23.0,792166,0.5672636001858473
LightGBM,A_base,bin_tb10m_tp4p0_sl2p0,0.3282,42497,0.4253,7985,,2.8,0.2509,0.6031,912,131035.0,0.2816,0.5523819051112941,23.0,806939,0.6096180064946333
LightGBM,A_base,bin_tb10m_tp5p0_sl2p5,0.294,45466,0.3621,13670,,2.78,0.226,0.5116,1861,114605.0,0.256,0.5614141796391028,23.0,809896,0.6498192092628085
LightGBM,A_base,bin_tb10m_tp6p0_sl3p0,0.2706,44642,0.3199,19658,,2.79,0.2048,0.4604,3054,100915.0,0.2356,0.5671672696786375,23.0,811395,0.6827121719365543
LightGBM,A_base,bin_fr10m_1p0,0.4973,25362,0.6141,5038,,2.88,0.3558,0.7513,937,171441.0,0.4042,0.5618931261837576,23.0,817271,0.5804207785087719
LightGBM,A_base,bin_fr10m_1p5,0.4393,29477,0.5486,6752,,2.8,0.3076,0.6988,1288,161161.0,0.3542,0.5593071206242569,23.0,817271,0.5913954808897243
LightGBM,A_base,bin_mae10m_lt_0p5,0.4208,56006,0.5328,26383,,2.96,0.3034,0.7381,8641,120528.0,0.3539,0.6110518513288988,23.0,817271,0.6605674342105263
LightGBM,A_base,bin_mae10m_lt_1p0,0.5776,65143,0.6843,33419,,2.95,0.4524,0.8314,12140,129406.0,0.5077,0.6546147056498366,23.0,817271,0.6655457001879699
LightGBM,A_base,bin_opportunity_clean_10m_1p5_0p5,0.2679,43720,0.3554,8685,,4.91,0.191,0.4821,1033,141300.0,0.2186,0.5114473382956266,23.0,817271,0.5772487860275689
LightGBM,A_base,bin_opportunity_clean_10m_1p0_0p3,0.2434,49600,0.3196,14446,,2.97,0.1728,0.4287,1696,129289.0,0.1999,0.5147183668421507,23.0,817271,0.5996828007518797
LightGBM,A_base,bin_rr10m_ge_2,0.5355,24679,0.5937,4159,,2.85,0.3951,0.6716,612,183339.0,0.443,0.5548952024754714,23.0,817271,0.5614622493734336
LightGBM,A_base,bin_rr10m_ge_3,0.4635,25505,0.5248,4369,,2.97,0.3296,0.5892,628,178639.0,0.378,0.5491885900032838,23.0,817271,0.5682272086466166
LightGBM,A_base,bin_follow_through_hod_10m_0p5,0.417,31934,0.4795,24911,,2.82,0.3073,0.5599,18256,49183.0,0.3606,0.7107749917477143,23.0,817271,0.8609512061403509
LightGBM,A_base,bin_follow_through_hod_10m_1p0,0.4008,32282,0.4627,25127,,2.83,0.2958,0.541,18230,49748.0,0.3472,0.7030867180922475,23.0,817271,0.8574267700501254
LightGBM,A_base,bin_mfr10m_1atr,0.7507,30059,0.8304,5673,,2.98,0.615,0.8901,728,182511.0,0.6691,0.5715757071741943,23.0,832681,0.5749804219255217
LightGBM,A_base,bin_mfr10m_1p5atr,0.6503,28051,0.7606,5697,,2.97,0.4879,0.854,767,172532.0,0.5503,0.5852417976386405,23.0,832681,0.5881253573298869
LightGBM,B_enriched,mc_2p5,0.3024,42352,0.3809,16962,,7.62,0.2096,0.537,3661,112733.0,0.2497,0.5720205290155569,53.0,833584,0.6759404125433132
LightGBM,B_enriched,bin_fr5m_2p5,0.3021,42500,0.3804,17071,,3.84,0.2091,0.5349,3642,113028.0,0.2498,0.57221488692931,53.0,833584,0.6762859583617289
LightGBM,B_enriched,bin_fr5m_2p0,0.3435,41839,0.4391,13456,,6.7,0.2388,0.6139,2683,125856.0,0.2827,0.5740093598987477,53.0,833584,0.6517282090168262
LightGBM,B_enriched,bin_fr5m_1p5,0.3986,39364,0.5219,10041,,3.87,0.2762,0.6746,2173,142723.0,0.3242,0.5745297400892168,53.0,833584,0.6249964005643915
LightGBM,B_enriched,bin_fr5m_1p0,0.4646,33623,0.5955,7483,,3.88,0.3255,0.7262,1673,158265.0,0.3772,0.5761012900182694,53.0,833584,0.6052091032126162
LightGBM,B_enriched,bin_mfr10m_2p5,0.6794,60777,0.7523,33950,,3.94,0.5381,0.8431,14348,131921.0,0.6076,0.6779618824028222,53.0,833236,0.6837799298056934
LightGBM,B_enriched,bin_mfr10m_2p0,0.729,64294,0.7968,34920,,482.93,0.5961,0.8774,13975,140460.0,0.6602,0.6723570224721782,53.0,833236,0.6726362235270958
LightGBM,B_enriched,bin_mfr10m_1p5,0.7864,68485,0.8433,36666,,5.38,0.6695,0.9043,14423,149410.0,0.7267,0.6628481970165399,53.0,833236,0.6658232467027401
LightGBM,B_enriched,bin_mfr10m_1p0,0.8448,72476,0.8886,38557,,3.95,0.7498,0.9358,14601,156709.0,0.7953,0.6417833649521671,53.0,833236,0.6598648927640328
LightGBM,B_enriched,bin_break_hod,0.4169,25587,0.4654,21717,,3.79,0.3354,0.5326,17220,33797.0,0.3742,0.7393950288689468,53.0,833584,0.9062946929921388
LightGBM,B_enriched,bin_first_touch_10m_2p5,0.5255,48516,0.6517,9093,,3.72,0.4144,0.804,1760,145627.0,0.4591,0.6057327631267352,53.0,803695,0.6129152687486933
LightGBM,B_enriched,bin_first_touch_10m_2p0,0.5697,37134,0.6905,7046,,6.26,0.4427,0.8089,1565,155435.0,0.4829,0.5922148504268117,53.0,797654,0.5938891786703046
LightGBM,B_enriched,bin_first_touch_10m_1p5,0.6098,30830,0.7081,6907,,4.25,0.4714,0.8182,1683,163741.0,0.5147,0.5862324896764768,53.0,785381,0.5864677356914363
LightGBM,B_enriched,bin_first_touch_10m_1p0,0.6473,28066,0.7391,6854,,3.77,0.4998,0.8648,1368,163710.0,0.5536,0.5879828665712793,53.0,760476,0.5883296771512292
LightGBM,B_enriched,bin_tb10m_tp1p5_sl0p5,0.4668,26294,0.5659,7929,,3.87,0.311,0.6829,2015,149917.0,0.3671,0.5725072748198524,53.0,759715,0.6092765101448665
LightGBM,B_enriched,bin_tb10m_tp2p0_sl0p7,0.4409,25107,0.565,6527,,3.82,0.2904,0.703,1569,155542.0,0.3359,0.556355832461617,53.0,779298,0.5920275161066763
LightGBM,B_enriched,bin_tb10m_tp2p5_sl1p0,0.4274,26817,0.5622,6142,,3.72,0.2878,0.7114,1372,155041.0,0.3262,0.5484380060568523,53.0,792166,0.5784497909217623
LightGBM,B_enriched,bin_tb10m_tp4p0_sl2p0,0.3553,47407,0.4785,10964,,3.7,0.2629,0.6644,2023,127068.0,0.3003,0.5720550795318802,53.0,806939,0.6281896829528272
LightGBM,B_enriched,bin_tb10m_tp5p0_sl2p5,0.3254,48380,0.4053,17522,,3.68,0.243,0.6006,3230,108951.0,0.2798,0.5850716573297753,53.0,809896,0.670012447886823
LightGBM,B_enriched,bin_tb10m_tp6p0_sl3p0,0.3019,46973,0.3617,23514,,3.85,0.2268,0.5405,5103,94376.0,0.2612,0.5922405062713796,53.0,811395,0.7039232024613079
LightGBM,B_enriched,bin_fr10m_1p0,0.5292,29276,0.6491,8515,,3.76,0.3706,0.7564,2525,161309.0,0.424,0.5807562761260037,53.0,817271,0.600500274122807
LightGBM,B_enriched,bin_fr10m_1p5,0.4652,32661,0.5961,9351,,6.18,0.322,0.723,2762,151139.0,0.372,0.5770140327081077,53.0,817271,0.6105742872807017
LightGBM,B_enriched,bin_mae10m_lt_0p5,0.4447,52768,0.5598,26186,,3.93,0.3195,0.7409,9992,113685.0,0.3725,0.6287691167209132,53.0,817271,0.682937813283208
LightGBM,B_enriched,bin_mae10m_lt_1p0,0.6011,62561,0.7034,34115,,3.91,0.4727,0.8436,14800,122731.0,0.5288,0.6712994756342012,53.0,817271,0.6845238095238095
LightGBM,B_enriched,bin_opportunity_clean_10m_1p5_0p5,0.2882,43878,0.3911,10730,,3.88,0.2029,0.5444,1802,130902.0,0.2325,0.5337125461607279,53.0,817271,0.6082980889724311
LightGBM,B_enriched,bin_opportunity_clean_10m_1p0_0p3,0.2607,46805,0.3474,15919,,3.96,0.1849,0.5067,2769,119391.0,0.2141,0.5376925846253361,53.0,817271,0.6333852208646616
LightGBM,B_enriched,bin_rr10m_ge_2,0.5866,27569,0.7063,7585,,3.79,0.4088,0.8069,2740,171118.0,0.472,0.580107496160813,53.0,817271,0.5934954573934837
LightGBM,B_enriched,bin_rr10m_ge_3,0.513,27947,0.6497,7150,,3.82,0.3426,0.7571,2338,166422.0,0.4034,0.574578435684421,53.0,817271,0.6021645911654135
LightGBM,B_enriched,bin_follow_through_hod_10m_0p5,0.4839,30679,0.5415,25687,,3.9,0.3913,0.6089,20271,41024.0,0.4355,0.7622401020412948,53.0,817271,0.8927543468045113
LightGBM,B_enriched,bin_follow_through_hod_10m_1p0,0.4695,30701,0.5244,25720,,6.07,0.3815,0.5899,20191,40928.0,0.4241,0.7565621081363573,53.0,817271,0.8910704495614035
LightGBM,B_enriched,bin_mfr10m_1atr,0.7823,38712,0.863,14266,,4.09,0.631,0.9344,5134,174395.0,0.6976,0.5942797742955529,53.0,832681,0.596374573005799
LightGBM,B_enriched,bin_mfr10m_1p5atr,0.6936,35450,0.8067,13753,,3.99,0.5088,0.9002,4989,162053.0,0.5846,0.6119165663577865,53.0,832681,0.6161208027250757
LightGBM,C_price_action,mc_2p5,0.287,41051,0.3619,15450,,6.32,0.2048,0.508,2953,113293.0,0.242,0.5655620300959883,36.0,833584,0.6750573510073621
LightGBM,C_price_action,bin_fr5m_2p5,0.2864,41325,0.3596,15852,,3.32,0.2041,0.5073,3081,113549.0,0.2414,0.5650968202571915,36.0,833584,0.6749085743355442
LightGBM,C_price_action,bin_fr5m_2p0,0.327,40550,0.4146,12773,,3.46,0.2335,0.6024,2188,126924.0,0.2729,0.5649880566769352,36.0,833584,0.6463050593666912
LightGBM,C_price_action,bin_fr5m_1p5,0.3804,38326,0.4873,9785,,4.15,0.2723,0.649,1621,143187.0,0.3164,0.5673918850853635,36.0,833584,0.6208114567635795
LightGBM,C_price_action,bin_fr5m_1p0,0.4533,32330,0.5768,6529,,3.62,0.3219,0.7296,1250,159780.0,0.369,0.5681260034629668,36.0,833584,0.5979958342531891
LightGBM,C_price_action,bin_mfr10m_2p5,0.6586,57704,0.7264,30422,,3.41,0.5308,0.8066,11486,130232.0,0.5926,0.6608823984604679,36.0,833236,0.6681230464905247
LightGBM,C_price_action,bin_mfr10m_2p0,0.7114,61554,0.7733,31784,,3.46,0.5905,0.8463,11151,138390.0,0.6494,0.6563051099819035,36.0,833236,0.657036955237926
LightGBM,C_price_action,bin_mfr10m_1p5,0.7763,65387,0.8276,33472,,3.62,0.6656,0.8829,11345,146834.0,0.7195,0.6475476191813445,36.0,833236,0.6494749830755862
LightGBM,C_price_action,bin_mfr10m_1p0,0.8352,70438,0.8765,35364,,7.57,0.7467,0.9195,11150,154685.0,0.7915,0.6281750836316878,36.0,833236,0.6436606667018758
LightGBM,C_price_action,bin_break_hod,0.3738,27767,0.4235,23230,,4.67,0.2923,0.4942,18047,37926.0,0.3313,0.7104665737471814,36.0,833584,0.8893005576725569
LightGBM,C_price_action,bin_first_touch_10m_2p5,0.5133,44518,0.6477,7753,,3.58,0.4095,0.805,1246,145280.0,0.4503,0.5962006068389676,36.0,803695,0.605279401077185
LightGBM,C_price_action,bin_first_touch_10m_2p0,0.5599,35399,0.6743,6496,,3.23,0.4389,0.7826,1348,155468.0,0.4803,0.5888783528375752,36.0,797654,0.5919030614292019
LightGBM,C_price_action,bin_first_touch_10m_1p5,0.6117,29109,0.7241,6168,,5.37,0.4686,0.8345,1390,163952.0,0.5138,0.5842215810179897,36.0,785381,0.5850058069642821
LightGBM,C_price_action,bin_first_touch_10m_1p0,0.6481,29963,0.7397,7419,,3.77,0.5002,0.8449,1593,162474.0,0.5546,0.5888371282524174,36.0,760476,0.5892134736886406
LightGBM,C_price_action,bin_tb10m_tp1p5_sl0p5,0.4645,29673,0.5759,8559,,4.62,0.3163,0.705,2071,145131.0,0.3689,0.5740094486530212,36.0,759715,0.6077651804380223
LightGBM,C_price_action,bin_tb10m_tp2p0_sl0p7,0.4361,25950,0.5644,6508,,3.59,0.2916,0.717,1417,153484.0,0.3385,0.5592960720793858,36.0,779298,0.595985523242383
LightGBM,C_price_action,bin_tb10m_tp2p5_sl1p0,0.4203,26717,0.5512,5905,,3.3,0.2855,0.7024,1240,154369.0,0.3245,0.5480124272610871,36.0,792166,0.5807122800638345
LightGBM,C_price_action,bin_tb10m_tp4p0_sl2p0,0.3358,43314,0.4503,9012,,3.4,0.2563,0.6544,1360,127109.0,0.2889,0.5613138948778914,36.0,806939,0.6214620361418904
LightGBM,C_price_action,bin_tb10m_tp5p0_sl2p5,0.3026,45527,0.3738,14902,,3.37,0.2316,0.5684,1995,111786.0,0.2641,0.5702057741461919,36.0,809896,0.6599602853134694
LightGBM,C_price_action,bin_tb10m_tp6p0_sl3p0,0.2797,44373,0.3316,20960,,3.39,0.2117,0.4759,3665,97925.0,0.2427,0.574846854921586,36.0,811395,0.6921442271187611
LightGBM,C_price_action,bin_fr10m_1p0,0.5158,25808,0.6217,7413,,3.34,0.359,0.7079,2078,167596.0,0.4103,0.5677946425467162,36.0,817271,0.5887913142230576
LightGBM,C_price_action,bin_fr10m_1p5,0.4545,29073,0.5763,7760,,3.37,0.3125,0.7039,2057,155805.0,0.3629,0.56845373883791,36.0,817271,0.6039953399122807
LightGBM,C_price_action,bin_mae10m_lt_0p5,0.4348,55521,0.5407,27694,,3.62,0.3154,0.7232,9807,115117.0,0.3667,0.6234937755399966,36.0,817271,0.6750176221804511
LightGBM,C_price_action,bin_mae10m_lt_1p0,0.59,63654,0.6907,34132,,5.9,0.4598,0.8363,14131,126709.0,0.5171,0.6620296396022489,36.0,817271,0.6742148339598998
LightGBM,C_price_action,bin_opportunity_clean_10m_1p5_0p5,0.2877,43547,0.388,11015,,3.61,0.1979,0.5386,1825,133999.0,0.2306,0.5314658177146775,36.0,817271,0.6061834273182958
LightGBM,C_price_action,bin_opportunity_clean_10m_1p0_0p3,0.2604,49185,0.335,18424,,3.47,0.1827,0.5032,2927,120116.0,0.2134,0.5370661638629521,36.0,817271,0.6329544564536341
LightGBM,C_price_action,bin_rr10m_ge_2,0.5592,27104,0.6653,7096,,3.27,0.4001,0.7812,2372,177809.0,0.4603,0.5703410951546964,36.0,817271,0.5822417371553885
LightGBM,C_price_action,bin_rr10m_ge_3,0.4845,29089,0.5913,7367,,3.43,0.3358,0.7241,2142,171601.0,0.393,0.5650164021207816,36.0,817271,0.5910381422305765
LightGBM,C_price_action,bin_follow_through_hod_10m_0p5,0.4287,33449,0.4854,27495,,3.38,0.3377,0.5593,21116,46554.0,0.3809,0.7270521757745305,36.0,817271,0.8689692982456141
LightGBM,C_price_action,bin_follow_through_hod_10m_1p0,0.4141,33630,0.4698,27503,,3.72,0.3244,0.54,21176,47100.0,0.3664,0.7186102078607621,36.0,817271,0.8651511591478697
LightGBM,C_price_action,bin_mfr10m_1atr,0.7659,35105,0.836,11144,,3.38,0.62,0.8946,2599,178896.0,0.6809,0.5770846976243411,36.0,832681,0.5790497787557473
LightGBM,C_price_action,bin_mfr10m_1p5atr,0.6577,32321,0.7486,9244,,3.33,0.4921,0.824,2079,170251.0,0.5604,0.5935314769546429,36.0,832681,0.596730101229455
LightGBM,D_all,mc_2p5,0.3028,43239,0.3785,17193,,11.89,0.2106,0.5462,3636,112448.0,0.2506,0.5729540335463938,79.0,833584,0.6771690198976801
LightGBM,D_all,bin_fr5m_2p5,0.3031,42944,0.3783,17001,,4.96,0.2107,0.5448,3629,111670.0,0.2513,0.5741397937119566,79.0,833584,0.6796118368639797
LightGBM,D_all,bin_fr5m_2p0,0.3437,42701,0.4427,13690,,5.95,0.2385,0.6209,2730,125587.0,0.2829,0.5743595425510891,79.0,833584,0.6527456494821612
LightGBM,D_all,bin_fr5m_1p5,0.396,40703,0.5197,10408,,5.06,0.2778,0.6762,2122,142253.0,0.3257,0.5760138485144694,79.0,833584,0.6262106101763244
LightGBM,D_all,bin_fr5m_1p0,0.4688,33876,0.6,7568,,4.98,0.3268,0.7265,1667,158307.0,0.3801,0.5788555524344774,79.0,833584,0.6077287081385638
LightGBM,D_all,bin_mfr10m_2p5,0.682,60645,0.7556,34086,,4.99,0.5406,0.8442,14386,131156.0,0.6103,0.6796708161902117,79.0,833236,0.6856956294201528
LightGBM,D_all,bin_mfr10m_2p0,0.7299,64607,0.7967,35643,,4.99,0.5986,0.8754,14482,139838.0,0.663,0.6737875029444333,79.0,833236,0.6741390154552307
LightGBM,D_all,bin_mfr10m_1p5,0.7884,69041,0.8427,37726,,5.0,0.6735,0.9058,14611,147637.0,0.7301,0.6638748982823535,79.0,833236,0.6664618132408933
LightGBM,D_all,bin_mfr10m_1p0,0.8468,73658,0.8894,39714,,5.01,0.7522,0.9371,14910,155389.0,0.7984,0.6437592870761094,79.0,833236,0.6611564295968388
LightGBM,D_all,bin_break_hod,0.4162,25575,0.4657,21768,,4.95,0.3357,0.5317,17315,33709.0,0.3751,0.7397541000386361,79.0,833584,0.9067698184924604
LightGBM,D_all,bin_first_touch_10m_2p5,0.5291,47907,0.6516,9288,,4.82,0.4153,0.8144,1789,145520.0,0.4605,0.6071160644595563,79.0,803695,0.614791880295081
LightGBM,D_all,bin_first_touch_10m_2p0,0.5741,37710,0.7033,7459,,4.89,0.4441,0.8394,1625,155296.0,0.4853,0.5948425676614093,79.0,797654,0.5966526902860811
LightGBM,D_all,bin_first_touch_10m_1p5,0.6167,32070,0.7162,7453,,4.91,0.4733,0.8266,1845,162441.0,0.5192,0.5908263310908706,79.0,785381,0.5911693392285906
LightGBM,D_all,bin_first_touch_10m_1p0,0.6566,31364,0.7498,8361,,4.86,0.5063,0.8702,1834,159018.0,0.5588,0.5936433400838921,79.0,760476,0.5939217945278265
LightGBM,D_all,bin_tb10m_tp1p5_sl0p5,0.4742,30321,0.5802,9313,,4.85,0.3205,0.7018,2492,142840.0,0.3742,0.5790934443933232,79.0,759715,0.6123465631730551
LightGBM,D_all,bin_tb10m_tp2p0_sl0p7,0.4466,27097,0.5702,7190,,4.81,0.2959,0.7101,1790,151179.0,0.3432,0.5635524898146853,79.0,779298,0.598388048974563
LightGBM,D_all,bin_tb10m_tp2p5_sl1p0,0.4343,28008,0.5642,6524,,4.82,0.2906,0.7154,1476,153198.0,0.3307,0.5537712748996685,79.0,792166,0.584636284669616
LightGBM,D_all,bin_tb10m_tp4p0_sl2p0,0.3601,46709,0.4881,10512,,4.88,0.2638,0.6621,1977,126385.0,0.301,0.5728600564335192,79.0,806939,0.6292655115143403
LightGBM,D_all,bin_tb10m_tp5p0_sl2p5,0.3235,49140,0.4068,17733,,4.89,0.2422,0.6057,3259,109575.0,0.2804,0.5855301145126487,79.0,809896,0.6700272667997076
LightGBM,D_all,bin_tb10m_tp6p0_sl3p0,0.3027,47451,0.3601,24058,,7.15,0.2272,0.5466,4905,94414.0,0.2616,0.5926382406108247,79.0,811395,0.7042141022290811
LightGBM,D_all,bin_fr10m_1p0,0.534,29112,0.6566,8294,,4.8,0.3696,0.7667,2469,161521.0,0.4258,0.5823882514791685,79.0,817271,0.602546405075188
LightGBM,D_all,bin_fr10m_1p5,0.4662,32599,0.6125,8972,,4.8,0.323,0.7553,2685,150504.0,0.3736,0.5785256533199519,79.0,817271,0.6117686795112782
LightGBM,D_all,bin_mae10m_lt_0p5,0.4463,54501,0.5535,28535,,5.21,0.3271,0.7309,10411,110699.0,0.3788,0.6345694014189157,79.0,817271,0.6885964912280702
LightGBM,D_all,bin_mae10m_lt_1p0,0.6036,63030,0.7005,35210,,5.41,0.4754,0.8392,15275,121957.0,0.5317,0.6736610915504277,79.0,817271,0.6870447603383458
LightGBM,D_all,bin_opportunity_clean_10m_1p5_0p5,0.2907,45944,0.3897,12618,,5.29,0.208,0.5451,2060,126664.0,0.2396,0.5433042177311499,79.0,817271,0.6206678806390977
LightGBM,D_all,bin_opportunity_clean_10m_1p0_0p3,0.2674,49176,0.3455,19190,,5.35,0.1918,0.4988,3268,113736.0,0.2227,0.5493050263872539,79.0,817271,0.6485892465538847
LightGBM,D_all,bin_rr10m_ge_2,0.5882,28466,0.7106,7775,,4.84,0.4106,0.8103,2831,170136.0,0.4742,0.5820772035380343,79.0,817271,0.5954828477443609
LightGBM,D_all,bin_rr10m_ge_3,0.5159,28698,0.6508,7157,,8.91,0.3456,0.7641,2399,164226.0,0.4057,0.5765529566283831,79.0,817271,0.6047785479323309
LightGBM,D_all,bin_follow_through_hod_10m_0p5,0.4852,30647,0.5399,25722,,4.88,0.3922,0.6093,20306,40981.0,0.4364,0.7629434312789714,79.0,817271,0.8930578399122807
LightGBM,D_all,bin_follow_through_hod_10m_1p0,0.4714,30546,0.5239,25693,,4.76,0.3816,0.5915,20212,40989.0,0.4244,0.7566742614901727,79.0,817271,0.891187930764411
LightGBM,D_all,bin_mfr10m_1atr,0.789,39333,0.861,15608,,5.0,0.6337,0.9288,5826,172976.0,0.7032,0.5959287377811984,79.0,832681,0.5974411576767672
LightGBM,D_all,bin_mfr10m_1p5atr,0.6967,35854,0.8054,14180,,5.02,0.5097,0.9019,5169,162045.0,0.5874,0.6143618226839014,79.0,832681,0.6185326293233914
LightGBM,F_price_vol_time,mc_2p5,0.2876,45311,0.3501,18060,,9.23,0.2046,0.5009,2885,115853.0,0.2409,0.5618475714123339,48.0,833584,0.6626129022969198
LightGBM,F_price_vol_time,bin_fr5m_2p5,0.2872,45173,0.3497,17962,,3.74,0.2052,0.4991,2875,115095.0,0.2417,0.5631059264191011,48.0,833584,0.6648973440964456
LightGBM,F_price_vol_time,bin_fr5m_2p0,0.3265,44572,0.405,14070,,3.61,0.2339,0.5818,1920,129328.0,0.2746,0.5646313257508468,48.0,833584,0.6390054039526603
LightGBM,F_price_vol_time,bin_fr5m_1p5,0.3784,42297,0.4854,9674,,3.64,0.2729,0.6463,1275,144705.0,0.3183,0.567874799465551,48.0,833584,0.616026607028018
LightGBM,F_price_vol_time,bin_fr5m_1p0,0.4486,35402,0.5662,6567,,3.71,0.3235,0.7177,1006,160170.0,0.3713,0.5697416773502291,48.0,833584,0.5962537074186768
LightGBM,F_price_vol_time,bin_mfr10m_2p5,0.674,60101,0.7392,33897,,6.06,0.5386,0.8288,14004,130229.0,0.6056,0.674253219697796,48.0,833236,0.6806975259147585
LightGBM,F_price_vol_time,bin_mfr10m_2p0,0.7248,63663,0.7831,34627,,3.69,0.5964,0.8671,13533,138479.0,0.6592,0.6681510268793985,48.0,833236,0.6686463829766803
LightGBM,F_price_vol_time,bin_mfr10m_1p5,0.7835,67757,0.8357,36289,,3.71,0.6705,0.8961,13892,147261.0,0.7276,0.6599968489519451,48.0,833236,0.6624191589166455
LightGBM,F_price_vol_time,bin_mfr10m_1p0,0.8411,72705,0.8831,38323,,3.72,0.7492,0.9301,13712,155060.0,0.7959,0.6387099864859013,48.0,833236,0.655625387100956
LightGBM,F_price_vol_time,bin_break_hod,0.3812,28070,0.4297,23607,,3.6,0.3106,0.4969,18383,36577.0,0.3445,0.7206235986206757,48.0,833584,0.8940470134282944
LightGBM,F_price_vol_time,bin_first_touch_10m_2p5,0.5181,48139,0.6411,8598,,3.62,0.412,0.7953,1480,145125.0,0.455,0.6013010595970791,48.0,803695,0.6091371569086185
LightGBM,F_price_vol_time,bin_first_touch_10m_2p0,0.5673,37374,0.6879,6617,,3.67,0.4405,0.8151,1368,155078.0,0.481,0.589999686906401,48.0,797654,0.592023432171087
LightGBM,F_price_vol_time,bin_first_touch_10m_1p5,0.615,30913,0.7231,6660,,3.64,0.4701,0.8297,1544,163638.0,0.5168,0.588019863011022,48.0,785381,0.5884747040485747
LightGBM,F_price_vol_time,bin_first_touch_10m_1p0,0.6507,30943,0.7495,7556,,3.71,0.5026,0.8596,1567,161001.0,0.5552,0.5903953223764807,48.0,760476,0.5906022968188586
LightGBM,F_price_vol_time,bin_tb10m_tp1p5_sl0p5,0.4716,29820,0.5823,8972,,3.74,0.3174,0.7083,2201,144589.0,0.3715,0.5764108196816728,48.0,759715,0.6093923612025339
LightGBM,F_price_vol_time,bin_tb10m_tp2p0_sl0p7,0.4427,26934,0.5592,6858,,3.71,0.292,0.7005,1536,153893.0,0.3401,0.5605121779880642,48.0,779298,0.5956159038989707
LightGBM,F_price_vol_time,bin_tb10m_tp2p5_sl1p0,0.4257,27783,0.5536,6122,,5.67,0.2868,0.7089,1302,155021.0,0.327,0.5496535613791548,48.0,792166,0.5803587661353857
LightGBM,F_price_vol_time,bin_tb10m_tp4p0_sl2p0,0.3448,47868,0.451,10828,,3.6,0.2586,0.6601,1765,128039.0,0.2949,0.5660343245590597,48.0,806939,0.6216355568776183
LightGBM,F_price_vol_time,bin_tb10m_tp5p0_sl2p5,0.3095,50319,0.3762,18246,,3.63,0.2376,0.5766,2669,110026.0,0.2703,0.5748439085014218,48.0,809896,0.6582511706941179
LightGBM,F_price_vol_time,bin_tb10m_tp6p0_sl3p0,0.2875,48940,0.3427,25092,,3.64,0.2187,0.5278,4246,97245.0,0.2496,0.5799611730885847,48.0,811395,0.6889985652231793
LightGBM,F_price_vol_time,bin_fr10m_1p0,0.5167,26795,0.6237,6534,,3.58,0.3613,0.7497,1550,167949.0,0.4133,0.5707524937174557,48.0,817271,0.5876556625939849
LightGBM,F_price_vol_time,bin_fr10m_1p5,0.4501,31105,0.5687,7668,,3.58,0.3143,0.6924,1778,156797.0,0.3624,0.5670796588994949,48.0,817271,0.5973184915413534
LightGBM,F_price_vol_time,bin_mae10m_lt_0p5,0.4455,53783,0.5502,27238,,3.89,0.3209,0.7309,10064,112924.0,0.3754,0.6315035810975236,48.0,817271,0.6855713502506265
LightGBM,F_price_vol_time,bin_mae10m_lt_1p0,0.5968,63329,0.7001,34130,,3.83,0.4674,0.835,14977,124601.0,0.5244,0.6678485719681659,48.0,817271,0.6806860902255639
LightGBM,F_price_vol_time,bin_opportunity_clean_10m_1p5_0p5,0.2886,45694,0.3833,11957,,3.82,0.2026,0.5438,2045,130780.0,0.2331,0.5344058121016446,48.0,817271,0.6090519266917294
LightGBM,F_price_vol_time,bin_opportunity_clean_10m_1p0_0p3,0.2655,48891,0.343,18814,,3.88,0.1879,0.4939,3209,116214.0,0.2184,0.5440904778742471,48.0,817271,0.6427984022556391
LightGBM,F_price_vol_time,bin_rr10m_ge_2,0.581,26425,0.7075,7365,,3.66,0.4037,0.8184,2731,175704.0,0.4681,0.5766781343056071,48.0,817271,0.5900101817042607
LightGBM,F_price_vol_time,bin_rr10m_ge_3,0.5044,27448,0.6393,6995,,5.89,0.339,0.7799,2372,169316.0,0.399,0.5704943131771879,48.0,817271,0.598625469924812
LightGBM,F_price_vol_time,bin_follow_through_hod_10m_0p5,0.4405,33764,0.4931,28331,,3.6,0.3601,0.5635,21860,44687.0,0.3983,0.7401422130829965,48.0,817271,0.8762825031328321
LightGBM,F_price_vol_time,bin_follow_through_hod_10m_1p0,0.4276,33885,0.477,28314,,3.58,0.3502,0.5445,21912,44691.0,0.3863,0.7335066216996375,48.0,817271,0.8739573543233082
LightGBM,F_price_vol_time,bin_mfr10m_1atr,0.7847,37587,0.8672,13981,,3.81,0.6281,0.9372,4923,174805.0,0.6971,0.589422101772155,48.0,832681,0.5908542766682201
LightGBM,F_price_vol_time,bin_mfr10m_1p5atr,0.6872,33728,0.799,12575,,3.85,0.5019,0.9046,4297,164890.0,0.579,0.606904736319812,48.0,832681,0.6111770386420744
LightGBM,D_clean,mc_2p5,0.3025,42661,0.3805,17206,,8.7,0.2105,0.5492,3558,112306.0,0.2506,0.573091307123415,70.0,833584,0.6775097664686177
LightGBM,D_clean,bin_fr5m_2p5,0.3008,43053,0.3745,17550,,4.72,0.2104,0.5354,3704,112482.0,0.2499,0.572321589404261,70.0,833584,0.6762715606192949
LightGBM,D_clean,bin_fr5m_2p0,0.3433,41946,0.4394,13568,,4.56,0.2389,0.6168,2740,126043.0,0.283,0.5743640536837895,70.0,833584,0.6525968728103433
LightGBM,D_clean,bin_fr5m_1p5,0.4002,39641,0.5181,10083,,5.0,0.2769,0.673,2058,142710.0,0.3257,0.5761651328872837,70.0,833584,0.6272664446214834
LightGBM,D_clean,bin_fr5m_1p0,0.4694,33501,0.6003,7529,,4.5,0.3271,0.7283,1697,157806.0,0.3803,0.5790980624476882,70.0,833584,0.6084773907451312
LightGBM,D_clean,bin_mfr10m_2p5,0.6821,60603,0.7559,33886,,4.57,0.5408,0.844,14530,131154.0,0.6101,0.6799453682932828,70.0,833236,0.6858300644808166
LightGBM,D_clean,bin_mfr10m_2p0,0.7305,64355,0.7973,35263,,4.64,0.5985,0.8776,14272,139769.0,0.6623,0.6738380483692032,70.0,833236,0.6741486179595638
LightGBM,D_clean,bin_mfr10m_1p5,0.7891,68752,0.8451,37076,,4.58,0.6724,0.9057,14672,148476.0,0.7295,0.6645594372194992,70.0,833236,0.667335641135208
LightGBM,D_clean,bin_mfr10m_1p0,0.8447,73899,0.8878,39611,,4.72,0.7521,0.9351,14898,155598.0,0.7977,0.644242260433716,70.0,833236,0.6620686675084863
LightGBM,D_clean,bin_break_hod,0.4156,25599,0.4656,21641,,4.39,0.3349,0.5314,17268,33816.0,0.3738,0.7389443951487795,70.0,833584,0.9062850944971828
LightGBM,D_clean,bin_first_touch_10m_2p5,0.5272,48199,0.6537,9390,,4.43,0.4156,0.8087,1861,145003.0,0.4616,0.6081408977271744,70.0,803695,0.6160562286578992
LightGBM,D_clean,bin_first_touch_10m_2p0,0.5737,37806,0.6942,7600,,4.66,0.4434,0.8146,1742,155103.0,0.4858,0.5953038296505777,70.0,797654,0.5972996830237131
LightGBM,D_clean,bin_first_touch_10m_1p5,0.6159,32401,0.7139,7575,,4.48,0.4736,0.8255,1862,162219.0,0.5187,0.5901929961154186,70.0,785381,0.5905937366287006
LightGBM,D_clean,bin_first_touch_10m_1p0,0.6518,31702,0.744,8407,,4.54,0.5065,0.8627,1916,158663.0,0.5584,0.5935839304006769,70.0,760476,0.5938060592669749
LightGBM,D_clean,bin_tb10m_tp1p5_sl0p5,0.4718,30464,0.581,9315,,6.55,0.3208,0.7009,2494,142235.0,0.3743,0.5791519992300537,70.0,759715,0.6127151801747245
LightGBM,D_clean,bin_tb10m_tp2p0_sl0p7,0.4448,27230,0.5651,7356,,4.47,0.296,0.7159,1781,150878.0,0.344,0.5646666431527219,70.0,779298,0.6002874817115429
LightGBM,D_clean,bin_tb10m_tp2p5_sl1p0,0.434,27831,0.5611,6712,,4.4,0.2907,0.7125,1572,153066.0,0.3312,0.5548098045926295,70.0,792166,0.5867270670464416
LightGBM,D_clean,bin_tb10m_tp4p0_sl2p0,0.3583,46428,0.488,10821,,4.5,0.2643,0.6627,2025,126694.0,0.3019,0.5739950562059651,70.0,806939,0.6308817332242631
LightGBM,D_clean,bin_tb10m_tp5p0_sl2p5,0.3252,49044,0.4052,17919,,4.44,0.2432,0.6128,3241,109123.0,0.2806,0.5858340123452392,70.0,809896,0.6705558080259232
LightGBM,D_clean,bin_tb10m_tp6p0_sl3p0,0.3031,46973,0.3617,23816,,4.53,0.2274,0.5374,5054,94213.0,0.2621,0.593055347901445,70.0,811395,0.7043028513107746
LightGBM,D_clean,bin_fr10m_1p0,0.5306,28782,0.6515,8422,,4.38,0.3705,0.7588,2459,161263.0,0.4272,0.5836537603793603,70.0,817271,0.604107926065163
LightGBM,D_clean,bin_fr10m_1p5,0.477,31114,0.6163,8780,,4.41,0.3233,0.735,2642,150155.0,0.3773,0.5821630469635983,70.0,817271,0.6168791118421053
LightGBM,D_clean,bin_mae10m_lt_0p5,0.4457,54510,0.5541,28152,,4.8,0.3269,0.7303,10357,110738.0,0.3789,0.6347557634716089,70.0,817271,0.6886797070802005
LightGBM,D_clean,bin_mae10m_lt_1p0,0.6027,63173,0.7018,34862,,6.96,0.4754,0.8404,15200,121865.0,0.5312,0.6733478400382931,70.0,817271,0.6866286810776943
LightGBM,D_clean,bin_opportunity_clean_10m_1p5_0p5,0.2889,46229,0.3909,12384,,4.71,0.208,0.5318,2106,126756.0,0.2391,0.5426092030909601,70.0,817271,0.6197720864661654
LightGBM,D_clean,bin_opportunity_clean_10m_1p0_0p3,0.2669,49028,0.3451,18945,,4.8,0.1918,0.4953,3309,113627.0,0.2224,0.5489134628508517,70.0,817271,0.6481389019423559
LightGBM,D_clean,bin_rr10m_ge_2,0.5923,28137,0.702,7687,,4.49,0.4097,0.8053,2851,171327.0,0.4719,0.5803225075284628,70.0,817271,0.593187069235589
LightGBM,D_clean,bin_rr10m_ge_3,0.5157,28766,0.6484,7310,,4.53,0.3454,0.7641,2404,163952.0,0.4074,0.5779676023581481,70.0,817271,0.607030270989975
LightGBM,D_clean,bin_follow_through_hod_10m_0p5,0.4838,30540,0.5405,25637,,4.41,0.3926,0.6094,20240,40868.0,0.4362,0.7624690684595359,70.0,817271,0.8930627349624061
LightGBM,D_clean,bin_follow_through_hod_10m_1p0,0.471,30629,0.5247,25676,,4.39,0.381,0.5899,20228,41042.0,0.424,0.7566505124298963,70.0,817271,0.89093828320802
LightGBM,D_clean,bin_mfr10m_1atr,0.7874,39649,0.8627,15539,,5.83,0.6328,0.9327,5673,173319.0,0.704,0.5972266702660451,70.0,832681,0.5988056173459337
LightGBM,D_clean,bin_mfr10m_1p5atr,0.6972,36063,0.8038,14508,,4.58,0.5099,0.8979,5307,161781.0,0.5877,0.6140807195268225,70.0,832681,0.6184173228724759
LightGBM,D1_core_momentum,mc_2p5,0.2934,44129,0.3649,16758,,6.92,0.2065,0.5387,3139,114489.0,0.2437,0.565019423035717,47.0,833584,0.6665242889914861
LightGBM,D1_core_momentum,bin_fr5m_2p5,0.2916,43933,0.3678,16612,,3.63,0.2062,0.5317,3156,114695.0,0.2432,0.5646397124573495,47.0,833584,0.6661403491932465
LightGBM,D1_core_momentum,bin_fr5m_2p0,0.3334,43481,0.421,13394,,3.65,0.2359,0.6037,2238,127919.0,0.2765,0.5668748346159802,47.0,833584,0.6419521419041494
LightGBM,D1_core_momentum,bin_fr5m_1p5,0.3854,40770,0.4987,9645,,3.62,0.2749,0.6787,1438,144049.0,0.3209,0.5704841126592644,47.0,833584,0.618143075165814
LightGBM,D1_core_momentum,bin_fr5m_1p0,0.4524,34321,0.5858,6212,,3.68,0.3244,0.7353,850,159710.0,0.3748,0.5733197551614768,47.0,833584,0.5999059347494313
LightGBM,D1_core_momentum,bin_mfr10m_2p5,0.6717,61320,0.7436,33762,,3.6,0.538,0.8299,13860,131634.0,0.6048,0.6754884421604805,47.0,833236,0.6813264899485786
LightGBM,D1_core_momentum,bin_mfr10m_2p0,0.7244,64437,0.7881,34336,,3.61,0.5972,0.8649,13355,139861.0,0.6578,0.6693318983863772,47.0,833236,0.669654645931659
LightGBM,D1_core_momentum,bin_mfr10m_1p5,0.7828,69375,0.8372,36390,,3.59,0.67,0.8952,13517,149443.0,0.7249,0.6625958094205651,47.0,833236,0.6658472529635729
LightGBM,D1_core_momentum,bin_mfr10m_1p0,0.84,73791,0.8821,37908,,3.69,0.7491,0.9281,12893,157047.0,0.7935,0.6419318670677159,47.0,833236,0.6608395469538456
LightGBM,D1_core_momentum,bin_break_hod,0.3657,28468,0.4181,23298,,3.65,0.293,0.4947,17438,38380.0,0.3265,0.7075624024211009,47.0,833584,0.8865745851050555
LightGBM,D1_core_momentum,bin_first_touch_10m_2p5,0.5136,48262,0.6316,7977,,3.48,0.4132,0.774,916,146008.0,0.4559,0.6023395636273896,47.0,803695,0.6095951098589306
LightGBM,D1_core_momentum,bin_first_touch_10m_2p0,0.5575,37694,0.673,5618,,3.57,0.4407,0.7825,584,156421.0,0.4806,0.5898160595103685,47.0,797654,0.5910153272078
LightGBM,D1_core_momentum,bin_first_touch_10m_1p5,0.6055,30238,0.7007,5058,,3.56,0.4694,0.8047,640,165104.0,0.513,0.584764399709548,47.0,785381,0.5848682735997066
LightGBM,D1_core_momentum,bin_first_touch_10m_1p0,0.6366,27766,0.7287,5462,,3.55,0.498,0.8187,673,164776.0,0.5493,0.5855279657134127,47.0,760476,0.5855888557465188
LightGBM,D1_core_momentum,bin_tb10m_tp1p5_sl0p5,0.4651,25495,0.5673,6846,,3.79,0.3091,0.6783,1458,150876.0,0.3642,0.5696189472089765,47.0,759715,0.6051848614263372
LightGBM,D1_core_momentum,bin_tb10m_tp2p0_sl0p7,0.4339,24636,0.57,5249,,3.64,0.2886,0.6891,907,156810.0,0.3352,0.5553497483500094,47.0,779298,0.590076747349778
LightGBM,D1_core_momentum,bin_tb10m_tp2p5_sl1p0,0.417,26438,0.554,5105,,3.57,0.286,0.6583,796,155839.0,0.3248,0.5467273940283721,47.0,792166,0.5763135567541361
LightGBM,D1_core_momentum,bin_tb10m_tp4p0_sl2p0,0.3466,47377,0.452,10221,,3.55,0.2605,0.6181,1511,127616.0,0.2976,0.5690824405750228,47.0,806939,0.6250712674450312
LightGBM,D1_core_momentum,bin_tb10m_tp5p0_sl2p5,0.3133,50805,0.3891,17703,,3.51,0.2393,0.5876,2638,110642.0,0.2745,0.5793231856879907,47.0,809896,0.6629932228171741
LightGBM,D1_core_momentum,bin_tb10m_tp6p0_sl3p0,0.2919,48760,0.3511,23936,,3.58,0.2228,0.5238,4429,95308.0,0.2557,0.5865257150266263,47.0,811395,0.6971979942707537
LightGBM,D1_core_momentum,bin_fr10m_1p0,0.5056,28640,0.6273,6259,,3.46,0.3672,0.7857,1176,164285.0,0.4165,0.5738428357698018,47.0,817271,0.5891584429824561
LightGBM,D1_core_momentum,bin_fr10m_1p5,0.448,32720,0.5964,7386,,3.48,0.3202,0.7476,1569,153011.0,0.3681,0.5726941783132808,47.0,817271,0.6028401080827067
LightGBM,D1_core_momentum,bin_mae10m_lt_0p5,0.4356,54518,0.5444,27169,,3.74,0.3143,0.7308,9578,116743.0,0.3654,0.6222666724592347,47.0,817271,0.6736470081453634
LightGBM,D1_core_momentum,bin_mae10m_lt_1p0,0.5883,65485,0.686,35431,,3.74,0.4662,0.8282,13733,125467.0,0.5205,0.6658118707442163,47.0,817271,0.677484727443609
LightGBM,D1_core_momentum,bin_opportunity_clean_10m_1p5_0p5,0.281,45465,0.3701,10405,,3.65,0.2004,0.509,1051,133575.0,0.2293,0.5276338744176166,47.0,817271,0.5983072916666666
LightGBM,D1_core_momentum,bin_opportunity_clean_10m_1p0_0p3,0.2578,47722,0.3346,15990,,4.22,0.1823,0.4597,2247,121725.0,0.2114,0.5328137139926957,47.0,817271,0.6250391604010025
LightGBM,D1_core_momentum,bin_rr10m_ge_2,0.5699,26511,0.706,4980,,3.59,0.4062,0.8321,792,175240.0,0.4597,0.5710391550826709,47.0,817271,0.5798529526942355
LightGBM,D1_core_momentum,bin_rr10m_ge_3,0.494,27975,0.6322,5014,,3.62,0.3398,0.7666,874,171203.0,0.393,0.5647171623569612,47.0,817271,0.5863878446115288
LightGBM,D1_core_momentum,bin_follow_through_hod_10m_0p5,0.4289,33810,0.4835,27483,,3.56,0.3468,0.5626,20444,45914.0,0.3846,0.7299858584796716,47.0,817271,0.8704329182330827
LightGBM,D1_core_momentum,bin_follow_through_hod_10m_1p0,0.4186,33788,0.4715,27648,,3.57,0.3374,0.5475,20429,46013.0,0.3754,0.725530027663009,47.0,817271,0.8690574091478697
LightGBM,D1_core_momentum,bin_mfr10m_1atr,0.7763,37984,0.8642,12395,,3.61,0.6272,0.9521,3486,177289.0,0.6903,0.5912959627550847,47.0,832681,0.594202968180224
LightGBM,D1_core_momentum,bin_mfr10m_1p5atr,0.6905,33757,0.8072,12094,,3.66,0.505,0.9216,3866,163870.0,0.5812,0.6095780658669973,47.0,832681,0.6135792563694803
LightGBM,D2_breakout_structure,mc_2p5,0.2884,40500,0.366,15185,,6.37,0.2036,0.5354,2869,114239.0,0.2409,0.5642815229997192,37.0,833584,0.6730752617989499
LightGBM,D2_breakout_structure,bin_fr5m_2p5,0.2873,40856,0.3652,15259,,3.3,0.2034,0.5369,2842,113973.0,0.24,0.563419621372208,37.0,833584,0.6722401927377787
LightGBM,D2_breakout_structure,bin_fr5m_2p0,0.3257,40267,0.4229,12446,,3.29,0.2316,0.6247,2009,128166.0,0.2713,0.563246399714672,37.0,833584,0.6442413829511533
LightGBM,D2_breakout_structure,bin_fr5m_1p5,0.3829,37894,0.4969,9112,,3.32,0.2711,0.659,1557,144273.0,0.3158,0.5667462447124413,37.0,833584,0.6198852020003264
LightGBM,D2_breakout_structure,bin_fr5m_1p0,0.4504,32022,0.5852,6425,,3.34,0.3212,0.7347,1240,160191.0,0.3672,0.5662195810540855,37.0,833584,0.5958457713830472
LightGBM,D2_breakout_structure,bin_mfr10m_2p5,0.6575,57443,0.728,30267,,3.35,0.5298,0.8082,11405,130727.0,0.5908,0.6592755435159023,37.0,833236,0.6665242295190585
LightGBM,D2_breakout_structure,bin_mfr10m_2p0,0.7139,59936,0.777,31228,,3.39,0.5905,0.8457,11282,138165.0,0.6495,0.6546999088556646,37.0,833236,0.6556013808401231
LightGBM,D2_breakout_structure,bin_mfr10m_1p5,0.775,64944,0.8271,33711,,3.36,0.6643,0.8824,11628,146957.0,0.7189,0.6464416951875177,37.0,833236,0.6483034775469443
LightGBM,D2_breakout_structure,bin_mfr10m_1p0,0.8376,69260,0.8771,35558,,5.69,0.7473,0.9221,11609,153911.0,0.792,0.6268617900102317,37.0,833236,0.6417881783569155
LightGBM,D2_breakout_structure,bin_break_hod,0.3789,27303,0.4294,22689,,3.32,0.2927,0.5004,17715,37882.0,0.3346,0.7126560090914247,37.0,833584,0.8908363168655155
LightGBM,D2_breakout_structure,bin_first_touch_10m_2p5,0.5119,44637,0.6386,8022,,3.23,0.4089,0.8011,1423,145695.0,0.45,0.5958949394585682,37.0,803695,0.6051101575955479
LightGBM,D2_breakout_structure,bin_first_touch_10m_2p0,0.5586,34915,0.6838,6353,,3.27,0.4384,0.8014,1319,155875.0,0.4777,0.5862392259662579,37.0,797654,0.588969024595755
LightGBM,D2_breakout_structure,bin_first_touch_10m_1p5,0.61,29360,0.7137,6200,,3.25,0.4678,0.8232,1454,164319.0,0.5119,0.5823716071808199,37.0,785381,0.5830243077487316
LightGBM,D2_breakout_structure,bin_first_touch_10m_1p0,0.6476,29319,0.7467,7047,,3.26,0.4996,0.8578,1463,162529.0,0.5515,0.5863055355835654,37.0,760476,0.5865673447700814
LightGBM,D2_breakout_structure,bin_tb10m_tp1p5_sl0p5,0.4634,29445,0.5741,8485,,3.28,0.3164,0.7025,1933,145358.0,0.3683,0.5733477313577868,37.0,759715,0.6065013507180133
LightGBM,D2_breakout_structure,bin_tb10m_tp2p0_sl0p7,0.4367,25728,0.5691,6285,,3.31,0.2913,0.7253,1307,153124.0,0.3373,0.5582472619646608,37.0,779298,0.5954413614312483
LightGBM,D2_breakout_structure,bin_tb10m_tp2p5_sl1p0,0.421,26113,0.5568,5866,,3.31,0.2859,0.7121,1226,154900.0,0.3236,0.5471209671276751,37.0,792166,0.5800911055895602
LightGBM,D2_breakout_structure,bin_tb10m_tp4p0_sl2p0,0.336,43519,0.4538,8843,,3.35,0.2555,0.6765,1462,127637.0,0.2887,0.561106770203203,37.0,806939,0.621273642200243
LightGBM,D2_breakout_structure,bin_tb10m_tp5p0_sl2p5,0.3043,44179,0.3831,14211,,3.27,0.232,0.5948,2004,110870.0,0.264,0.5703908161016226,37.0,809896,0.6611902550828871
LightGBM,D2_breakout_structure,bin_tb10m_tp6p0_sl3p0,0.2793,44572,0.3357,20428,,3.21,0.2103,0.5032,3462,99408.0,0.241,0.5728857371646927,37.0,811395,0.6890971753139499
LightGBM,D2_breakout_structure,bin_fr10m_1p0,0.5107,25810,0.6242,7352,,5.35,0.3595,0.7352,2028,167839.0,0.412,0.5693612306284337,37.0,817271,0.5908863956766918
LightGBM,D2_breakout_structure,bin_fr10m_1p5,0.4536,28788,0.5676,8097,,3.31,0.3109,0.6783,2114,157029.0,0.3606,0.5662094920605693,37.0,817271,0.6019834743107769
LightGBM,D2_breakout_structure,bin_mae10m_lt_0p5,0.4324,55851,0.5377,27796,,3.45,0.3151,0.7159,9974,115617.0,0.3662,0.6230422964246001,37.0,817271,0.6744546914160401
LightGBM,D2_breakout_structure,bin_mae10m_lt_1p0,0.5905,63094,0.6914,33764,,3.36,0.4606,0.8351,14011,126274.0,0.5166,0.6611165628942921,37.0,817271,0.6736861685463659
LightGBM,D2_breakout_structure,bin_opportunity_clean_10m_1p5_0p5,0.2872,43363,0.3843,10364,,3.44,0.1978,0.5247,1782,133946.0,0.2293,0.5296398086444244,37.0,817271,0.6036771616541353
LightGBM,D2_breakout_structure,bin_opportunity_clean_10m_1p0_0p3,0.2574,50197,0.3374,17067,,3.5,0.1818,0.4956,2720,120450.0,0.2118,0.5344330059524456,37.0,817271,0.6288670895989975
LightGBM,D2_breakout_structure,bin_rr10m_ge_2,0.5663,25301,0.6714,6881,,3.34,0.399,0.8023,2458,178640.0,0.4577,0.5681546909652855,37.0,817271,0.5795054041353384
LightGBM,D2_breakout_structure,bin_rr10m_ge_3,0.4894,27231,0.5861,7181,,3.45,0.335,0.7346,2231,172498.0,0.3898,0.5619542488439475,37.0,817271,0.5867990288220551
LightGBM,D2_breakout_structure,bin_follow_through_hod_10m_0p5,0.4282,33436,0.4892,27064,,5.63,0.3333,0.5647,20576,47183.0,0.3776,0.7248735926472953,37.0,817271,0.8673588267543859
LightGBM,D2_breakout_structure,bin_follow_through_hod_10m_1p0,0.4129,33739,0.4727,27256,,3.33,0.3214,0.5453,20661,47648.0,0.3643,0.7173889680033976,37.0,817271,0.8638539708646616
LightGBM,D2_breakout_structure,bin_mfr10m_1atr,0.7644,34418,0.8368,11334,,3.94,0.6203,0.8951,2935,178207.0,0.6821,0.5788070695217475,37.0,832681,0.5808658553576662
LightGBM,D2_breakout_structure,bin_mfr10m_1p5atr,0.6565,33032,0.7517,10061,,3.51,0.4929,0.8357,2429,169564.0,0.5607,0.5934944538507227,37.0,832681,0.5968309943740061
LightGBM,D3_liquidity_context,mc_2p5,0.294,41660,0.3749,15370,,6.06,0.206,0.5217,3320,113181.0,0.2441,0.5673017709880842,33.0,833584,0.6752397224115259
LightGBM,D3_liquidity_context,bin_fr5m_2p5,0.293,41801,0.3739,15291,,3.43,0.2057,0.522,3335,113291.0,0.2435,0.5667272826840278,33.0,833584,0.6744142518453107
LightGBM,D3_liquidity_context,bin_fr5m_2p0,0.332,41463,0.4236,12820,,6.96,0.2352,0.5804,2562,126693.0,0.2752,0.5669588099284559,33.0,833584,0.6469577570236987
LightGBM,D3_liquidity_context,bin_fr5m_1p5,0.386,38895,0.4979,9768,,4.22,0.2753,0.6605,1682,142136.0,0.3199,0.5705506204944446,33.0,833584,0.6226255723102617
LightGBM,D3_liquidity_context,bin_fr5m_1p0,0.4487,33408,0.5829,6334,,3.13,0.3236,0.7301,967,159210.0,0.3711,0.5699947173580745,33.0,833584,0.5986821266425425
LightGBM,D3_liquidity_context,bin_mfr10m_2p5,0.6714,59459,0.7436,32399,,4.26,0.5382,0.8293,12944,129708.0,0.6034,0.672108742856427,33.0,833236,0.6786473912396352
LightGBM,D3_liquidity_context,bin_mfr10m_2p0,0.7219,63545,0.7878,33645,,4.32,0.5976,0.8669,12560,137874.0,0.6567,0.6658824503815108,33.0,833236,0.6663705894497285
LightGBM,D3_liquidity_context,bin_mfr10m_1p5,0.7802,67530,0.834,35062,,3.34,0.6692,0.8961,12670,147768.0,0.7241,0.6561637127208811,33.0,833236,0.6585877596877265
LightGBM,D3_liquidity_context,bin_mfr10m_1p0,0.8387,71908,0.8807,36395,,3.37,0.748,0.9294,11998,156259.0,0.7937,0.6365904517222407,33.0,833236,0.653748097503829
LightGBM,D3_liquidity_context,bin_break_hod,0.3735,26663,0.4295,21534,,3.5,0.2847,0.5041,16101,38162.0,0.3259,0.7054240498325234,33.0,833584,0.8883695036618259
LightGBM,D3_liquidity_context,bin_first_touch_10m_2p5,0.5132,47202,0.6199,8560,,3.08,0.4127,0.7232,1214,145050.0,0.4544,0.6004911575481322,33.0,803695,0.6090923571634792
LightGBM,D3_liquidity_context,bin_first_touch_10m_2p0,0.5494,37904,0.6586,6327,,3.09,0.4404,0.758,938,156005.0,0.4787,0.5875242542971753,33.0,797654,0.589580909200337
LightGBM,D3_liquidity_context,bin_first_touch_10m_1p5,0.598,29700,0.6907,5649,,4.56,0.4676,0.7533,762,165942.0,0.5093,0.5803294603988991,33.0,785381,0.5805945516412315
LightGBM,D3_liquidity_context,bin_first_touch_10m_1p0,0.6307,27279,0.7162,5969,,6.94,0.4945,0.7763,769,167661.0,0.5457,0.5805998182214765,33.0,760476,0.5808331886642573
LightGBM,D3_liquidity_context,bin_tb10m_tp1p5_sl0p5,0.458,25164,0.5549,7052,,3.3,0.3057,0.6736,1495,153990.0,0.3617,0.5675656828341112,33.0,759715,0.6058483720293419
LightGBM,D3_liquidity_context,bin_tb10m_tp2p0_sl0p7,0.4265,24223,0.5452,5739,,3.93,0.287,0.6689,1054,157986.0,0.333,0.5541208233687345,33.0,779298,0.5918991760568804
LightGBM,D3_liquidity_context,bin_tb10m_tp2p5_sl1p0,0.4057,26793,0.5379,5404,,3.16,0.2856,0.6316,980,155699.0,0.322,0.5443224293936106,33.0,792166,0.5751368603922995
LightGBM,D3_liquidity_context,bin_tb10m_tp4p0_sl2p0,0.3442,46135,0.4444,10680,,3.74,0.2611,0.5908,1894,124839.0,0.2958,0.5680899286326303,33.0,806939,0.6265833767135173
LightGBM,D3_liquidity_context,bin_tb10m_tp5p0_sl2p5,0.311,47680,0.3908,16528,,3.23,0.2396,0.5559,3033,108036.0,0.2715,0.5771402114076717,33.0,809896,0.6642972871510145
LightGBM,D3_liquidity_context,bin_tb10m_tp6p0_sl3p0,0.293,45471,0.356,21012,,3.4,0.2214,0.5071,4869,94283.0,0.2531,0.5847153376951519,33.0,811395,0.6995547754401708
LightGBM,D3_liquidity_context,bin_fr10m_1p0,0.4973,29105,0.6037,6803,,3.45,0.3646,0.7151,1481,165656.0,0.4107,0.5681281205253181,33.0,817271,0.5836074561403509
LightGBM,D3_liquidity_context,bin_fr10m_1p5,0.436,32957,0.5553,7934,,3.15,0.3169,0.701,1776,154163.0,0.3614,0.5660299443511112,33.0,817271,0.5961045191102757
LightGBM,D3_liquidity_context,bin_mae10m_lt_0p5,0.4262,56136,0.5392,27142,,4.47,0.311,0.7198,9294,117719.0,0.3598,0.616882268264312,33.0,817271,0.6672149122807017
LightGBM,D3_liquidity_context,bin_mae10m_lt_1p0,0.5862,65464,0.6889,33971,,3.25,0.4633,0.8237,13037,126107.0,0.5175,0.6632418044463155,33.0,817271,0.6747239191729323
LightGBM,D3_liquidity_context,bin_opportunity_clean_10m_1p5_0p5,0.2731,44591,0.364,9851,,5.5,0.1967,0.4912,1130,136935.0,0.2251,0.5212077013873855,33.0,817271,0.5897899044486216
LightGBM,D3_liquidity_context,bin_opportunity_clean_10m_1p0_0p3,0.2526,47830,0.3255,15454,,3.23,0.1779,0.4607,1973,125284.0,0.206,0.5246632856775713,33.0,817271,0.6138931312656641
LightGBM,D3_liquidity_context,bin_rr10m_ge_2,0.5648,25525,0.6934,5163,,3.13,0.4022,0.8186,970,178909.0,0.4546,0.5663312759461182,33.0,817271,0.5743656015037594
LightGBM,D3_liquidity_context,bin_rr10m_ge_3,0.4874,27301,0.6181,5334,,3.08,0.3369,0.7773,988,173565.0,0.3894,0.5611189692703887,33.0,817271,0.5819578242481203
LightGBM,D3_liquidity_context,bin_follow_through_hod_10m_0p5,0.4376,30890,0.5001,24564,,3.14,0.3384,0.5796,18092,45021.0,0.3854,0.7270428282683545,33.0,817271,0.873110510651629
LightGBM,D3_liquidity_context,bin_follow_through_hod_10m_1p0,0.4251,30909,0.4863,24512,,3.12,0.33,0.5619,18081,44905.0,0.3747,0.7215456215913603,33.0,817271,0.8714657738095238
LightGBM,D3_liquidity_context,bin_mfr10m_1atr,0.7771,34945,0.8726,10224,,3.31,0.6224,0.9632,2937,180392.0,0.6837,0.5870435834649104,33.0,832681,0.5905564016700218
LightGBM,D3_liquidity_context,bin_mfr10m_1p5atr,0.6901,32693,0.8198,10060,,3.17,0.4966,0.9315,3154,169774.0,0.5706,0.6030479054440356,33.0,832681,0.6061227725436122
LightGBM,D_clean_ext,mc_2p5,0.3033,42822,0.3809,17065,,11.13,0.2101,0.5481,3536,113016.0,0.2505,0.5728279235882386,71.0,833584,0.6768570688116103
LightGBM,D_clean_ext,bin_fr5m_2p5,0.3018,42811,0.3803,16970,,4.73,0.21,0.5436,3580,112440.0,0.2498,0.5723436753783241,71.0,833584,0.6767562846145725
LightGBM,D_clean_ext,bin_fr5m_2p0,0.3439,42140,0.4389,13645,,4.61,0.2388,0.6148,2788,125996.0,0.2838,0.5752355562031878,71.0,833584,0.6534463396139485
LightGBM,D_clean_ext,bin_fr5m_1p5,0.4001,39007,0.519,10015,,4.59,0.2765,0.6791,2063,143371.0,0.3257,0.5763742517903379,71.0,833584,0.6281303091675225
LightGBM,D_clean_ext,bin_fr5m_1p0,0.4712,33494,0.601,7439,,5.77,0.3266,0.7306,1715,158150.0,0.3802,0.5789859384563076,71.0,833584,0.6081078486893255
LightGBM,D_clean_ext,bin_mfr10m_2p5,0.6815,60886,0.7547,33986,,4.65,0.5397,0.843,14508,131465.0,0.6099,0.6796225189037842,71.0,833236,0.6855515918551558
LightGBM,D_clean_ext,bin_mfr10m_2p0,0.7307,64576,0.7968,35779,,4.58,0.5986,0.8753,14440,139447.0,0.6635,0.6745112734957281,71.0,833236,0.6748496007758823
LightGBM,D_clean_ext,bin_mfr10m_1p5,0.7893,69166,0.8451,37247,,4.81,0.6721,0.9057,14627,148554.0,0.7284,0.6638675423389073,71.0,833236,0.6667114783535546
LightGBM,D_clean_ext,bin_mfr10m_1p0,0.8454,73902,0.8891,39403,,4.76,0.7525,0.9382,14736,155339.0,0.7976,0.6441698866237384,71.0,833236,0.6620014499781544
LightGBM,D_clean_ext,bin_break_hod,0.4172,25627,0.4651,21792,,4.47,0.3361,0.5308,17350,33738.0,0.3751,0.7398590861004862,71.0,833584,0.9066834320378564
LightGBM,D_clean_ext,bin_first_touch_10m_2p5,0.5288,47939,0.6549,9301,,4.46,0.4145,0.8077,1836,145761.0,0.4608,0.6073823537075764,71.0,803695,0.6152747219926926
LightGBM,D_clean_ext,bin_first_touch_10m_2p0,0.5765,37811,0.6996,7447,,4.47,0.4431,0.8281,1658,155625.0,0.4861,0.5955818895320883,71.0,797654,0.5975454399550616
LightGBM,D_clean_ext,bin_first_touch_10m_1p5,0.618,32219,0.7174,7545,,7.09,0.4738,0.8268,1865,162365.0,0.5189,0.5904841105839215,71.0,785381,0.590838240387946
LightGBM,D_clean_ext,bin_first_touch_10m_1p0,0.652,31763,0.7449,8414,,4.67,0.5061,0.8639,1866,158853.0,0.5585,0.5936568058594688,71.0,760476,0.593890230365776
LightGBM,D_clean_ext,bin_tb10m_tp1p5_sl0p5,0.4732,30324,0.581,9428,,4.59,0.3206,0.7001,2541,142295.0,0.375,0.5798429960931544,71.0,759715,0.6130679993048936
LightGBM,D_clean_ext,bin_tb10m_tp2p0_sl0p7,0.442,27801,0.5709,7301,,4.52,0.2957,0.7188,1760,151114.0,0.3438,0.5642668720367296,71.0,779298,0.5993582997510203
LightGBM,D_clean_ext,bin_tb10m_tp2p5_sl1p0,0.4311,27936,0.5597,6613,,4.57,0.29,0.7132,1503,153726.0,0.33,0.553167784960289,71.0,792166,0.5843433731289013
LightGBM,D_clean_ext,bin_tb10m_tp4p0_sl2p0,0.3567,46938,0.4882,10759,,4.53,0.2633,0.6646,1977,126782.0,0.3021,0.5740255196892274,71.0,806939,0.630366128752386
LightGBM,D_clean_ext,bin_tb10m_tp5p0_sl2p5,0.3269,48765,0.4063,17971,,4.61,0.2434,0.6134,3288,108992.0,0.2807,0.5859318740124676,71.0,809896,0.6706743593289997
LightGBM,D_clean_ext,bin_tb10m_tp6p0_sl3p0,0.3046,47209,0.3638,23906,,4.49,0.2288,0.5451,4896,93510.0,0.2628,0.5938679334147368,71.0,811395,0.7056883230861014
LightGBM,D_clean_ext,bin_fr10m_1p0,0.529,29065,0.6591,8154,,4.33,0.3703,0.7609,2493,161358.0,0.4263,0.5829422229908788,71.0,817271,0.6027324169799498
LightGBM,D_clean_ext,bin_fr10m_1p5,0.4751,31052,0.6198,8598,,6.34,0.322,0.7364,2659,150783.0,0.3758,0.5806814150140835,71.0,817271,0.6144952224310777
LightGBM,D_clean_ext,bin_mae10m_lt_0p5,0.4448,54658,0.551,28391,,4.71,0.3264,0.729,10519,110931.0,0.3777,0.6336662263666496,71.0,817271,0.6873727286967418
LightGBM,D_clean_ext,bin_mae10m_lt_1p0,0.6029,62842,0.7022,34881,,4.81,0.4755,0.8381,15204,121598.0,0.532,0.6737592252212452,71.0,817271,0.687250352443609
LightGBM,D_clean_ext,bin_opportunity_clean_10m_1p5_0p5,0.2911,45830,0.3911,12540,,4.6,0.2081,0.543,2162,126590.0,0.2396,0.5434114553556786,71.0,817271,0.6210350093984962
LightGBM,D_clean_ext,bin_opportunity_clean_10m_1p0_0p3,0.2666,49277,0.3459,19131,,4.72,0.1915,0.4939,3361,113687.0,0.2227,0.5491811806158038,71.0,817271,0.6481780623433584
LightGBM,D_clean_ext,bin_rr10m_ge_2,0.5903,28091,0.7037,7853,,4.43,0.4097,0.8057,2866,171259.0,0.4734,0.581531404214848,71.0,817271,0.594640899122807
LightGBM,D_clean_ext,bin_rr10m_ge_3,0.5166,28651,0.646,7475,,4.4,0.3453,0.7562,2510,164197.0,0.4068,0.5775329636531842,71.0,817271,0.6060757362155389
LightGBM,D_clean_ext,bin_follow_through_hod_10m_0p5,0.4825,30641,0.5376,25750,,4.52,0.3923,0.6054,20411,40923.0,0.4365,0.7628307330949681,71.0,817271,0.8931067904135338
LightGBM,D_clean_ext,bin_follow_through_hod_10m_1p0,0.4692,30788,0.5214,25844,,4.34,0.3806,0.5884,20357,41111.0,0.4232,0.7562144031677964,71.0,817271,0.8906152098997494
LightGBM,D_clean_ext,bin_mfr10m_1atr,0.7898,39666,0.8608,15470,,4.5,0.6333,0.9301,5621,173124.0,0.7029,0.5974848279673859,71.0,832681,0.5992524298432312
LightGBM,D_clean_ext,bin_mfr10m_1p5atr,0.6943,36507,0.8034,14446,,33.34,0.5096,0.8974,5285,161986.0,0.587,0.6138910845306589,71.0,832681,0.6181002301324583
